County,"Russ Fulcher
Republican","Kaylee Peterson
Democratic","Matt Loesby
Libertarian","Brendan J. Gomez
Constitutional","Margot Dupre
Independent","David D Bot
Independent","Blank Votes","Spoiled Votes","Total Votes Cast","Total Ballots Cast"
Totals,"331,049","118,656","9,594","6,933",7,3,"22,598",246,"466,242","489,086"
Ada,"86,638","36,917","2,748","2,012",2,1,"5,866",90,"128,318","134,274"
"Precinct 1001","1,890",352,35,36,0,0,105,1,"2,313","2,419"
"Precinct 1002","1,879",287,21,22,0,0,82,5,"2,209","2,296"
"Precinct 1003","1,341",314,31,25,0,0,72,1,"1,711","1,784"
"Precinct 1004","1,148",292,33,21,0,0,74,1,"1,494","1,569"
"Precinct 1005","1,264",357,21,25,0,0,71,0,"1,667","1,738"
"Precinct 1006",691,179,11,9,0,0,47,2,890,939
"Precinct 1401",973,309,15,12,0,0,51,0,"1,309","1,360"
"Precinct 1402","1,925",314,24,32,0,0,101,0,"2,295","2,396"
"Precinct 1403","1,214",354,36,23,0,0,79,3,"1,627","1,709"
"Precinct 1404","1,260",352,15,25,0,0,77,1,"1,652","1,730"
"Precinct 1405",988,292,23,19,0,0,61,2,"1,322","1,385"
"Precinct 1406",974,386,23,18,0,0,76,1,"1,401","1,478"
"Precinct 1407",621,293,18,15,0,0,52,0,947,999
"Precinct 1408","1,057",583,32,35,0,0,79,3,"1,707","1,789"
"Precinct 1409",707,418,32,22,0,0,54,1,"1,179","1,234"
"Precinct 1410",800,583,27,20,0,0,67,0,"1,430","1,497"
"Precinct 1411",800,454,34,22,0,0,65,2,"1,310","1,377"
"Precinct 1412","1,182",367,23,20,0,0,72,2,"1,592","1,666"
"Precinct 1413",947,295,29,20,0,0,53,1,"1,291","1,345"
"Precinct 1414",782,272,10,6,0,0,63,0,"1,070","1,133"
"Precinct 1415","1,010",323,15,13,0,0,53,2,"1,361","1,416"
"Precinct 1819",834,504,33,20,0,0,66,0,"1,391","1,457"
"Precinct 2001","1,836",512,65,48,0,0,119,1,"2,461","2,581"
"Precinct 2002","1,742",580,34,22,0,0,99,1,"2,378","2,478"
"Precinct 2003",699,308,34,19,0,0,47,4,"1,060","1,111"
"Precinct 2004","1,027",370,29,30,0,0,77,0,"1,456","1,533"
"Precinct 2005",805,374,23,12,0,0,65,1,"1,214","1,280"
"Precinct 2006",724,372,11,12,0,0,69,1,"1,119","1,189"
"Precinct 2007",738,333,13,23,0,0,45,2,"1,107","1,154"
"Precinct 2008",977,448,26,21,0,0,72,0,"1,472","1,544"
"Precinct 2009",725,515,32,18,0,0,59,0,"1,290","1,349"
"Precinct 2010",787,339,15,17,0,0,44,0,"1,158","1,202"
"Precinct 2011",805,305,25,17,0,0,66,1,"1,152","1,219"
"Precinct 2012",966,440,42,30,0,0,86,0,"1,478","1,564"
"Precinct 2013",760,413,38,20,0,0,56,3,"1,231","1,290"
"Precinct 2014",842,371,26,14,0,0,48,0,"1,253","1,301"
"Precinct 2015",881,424,40,11,0,0,46,3,"1,356","1,405"
"Precinct 2016",765,447,29,30,0,0,57,1,"1,271","1,329"
"Precinct 2017",836,439,31,15,0,0,55,1,"1,321","1,377"
"Precinct 2018",790,488,20,14,0,0,63,1,"1,312","1,376"
"Precinct 2019",724,444,30,15,0,0,79,0,"1,213","1,292"
"Precinct 2020",811,477,25,16,0,0,60,2,"1,329","1,391"
"Precinct 2101",707,247,23,15,0,0,39,1,992,"1,032"
"Precinct 2102",935,423,21,17,0,0,51,0,"1,396","1,447"
"Precinct 2103",761,388,29,19,0,0,40,0,"1,197","1,237"
"Precinct 2104",753,365,24,19,0,0,33,0,"1,161","1,194"
"Precinct 2105",619,345,34,22,0,0,66,0,"1,020","1,086"
"Precinct 2106",735,390,27,22,0,0,64,2,"1,174","1,240"
"Precinct 2107","1,089",478,40,23,0,0,60,1,"1,630","1,691"
"Precinct 2108",735,358,21,22,0,0,40,1,"1,136","1,177"
"Precinct 2109",759,475,34,31,0,0,67,2,"1,299","1,368"
"Precinct 2110",563,408,26,20,0,0,52,3,"1,017","1,072"
"Precinct 2111","1,057",558,59,28,0,0,74,2,"1,702","1,778"
"Precinct 2112",888,411,49,29,1,0,65,0,"1,378","1,443"
"Precinct 2113",765,492,34,23,0,0,59,1,"1,314","1,374"
"Precinct 2114",799,560,29,20,0,0,61,1,"1,408","1,470"
"Precinct 2115",947,456,36,24,0,0,59,0,"1,463","1,522"
"Precinct 2116",894,358,32,29,0,0,76,0,"1,313","1,389"
"Precinct 2117",841,332,23,16,0,0,44,1,"1,212","1,257"
"Precinct 2118",879,453,23,25,0,0,65,1,"1,380","1,446"
"Precinct 2119",693,305,26,20,0,0,56,0,"1,044","1,100"
"Precinct 2201","1,152",324,36,30,0,0,67,0,"1,542","1,609"
"Precinct 2202",834,370,29,10,0,0,57,0,"1,243","1,300"
"Precinct 2203",643,296,19,11,0,0,27,1,969,997
"Precinct 2204",795,391,28,32,0,0,51,0,"1,246","1,297"
"Precinct 2205",879,444,27,22,0,0,71,4,"1,372","1,447"
"Precinct 2206","1,079",499,35,27,0,0,77,1,"1,640","1,718"
"Precinct 2207","1,145",589,29,17,0,0,104,0,"1,780","1,884"
"Precinct 2208",834,435,27,16,0,0,63,1,"1,312","1,376"
"Precinct 2209",615,357,34,18,0,0,49,1,"1,024","1,074"
"Precinct 2210",589,569,41,14,0,0,56,0,"1,213","1,269"
"Precinct 2211",824,457,17,20,0,0,36,0,"1,318","1,354"
"Precinct 2212",956,473,21,9,0,0,61,1,"1,459","1,521"
"Precinct 2213",606,481,33,23,0,0,77,0,"1,143","1,220"
"Precinct 2214",832,526,47,14,0,1,49,0,"1,420","1,469"
"Precinct 2215",634,421,29,22,0,0,45,0,"1,106","1,151"
"Precinct 2216","1,524",399,47,44,0,0,83,2,"2,014","2,099"
"Precinct 2217","1,514",627,41,20,0,0,121,1,"2,202","2,324"
"Precinct 2218",904,588,41,23,0,0,59,1,"1,556","1,616"
"Precinct 2219",725,446,42,21,0,0,42,0,"1,234","1,276"
"Precinct 2220",849,615,52,40,0,0,80,2,"1,556","1,638"
"Precinct 2221",814,574,35,23,0,0,62,0,"1,446","1,508"
"Precinct 2301",961,255,38,23,0,0,73,2,"1,277","1,352"
"Precinct 2302","1,509",428,41,33,0,0,89,0,"2,011","2,100"
"Precinct 2303","1,500",429,49,32,0,0,123,2,"2,010","2,135"
"Precinct 2304","1,499",391,40,23,0,0,66,0,"1,953","2,019"
"Precinct 2305",754,328,42,39,1,0,65,0,"1,164","1,229"
"Precinct 2306",832,335,29,22,0,0,56,0,"1,218","1,274"
"Precinct 2307",997,241,25,35,0,0,54,3,"1,298","1,355"
"Precinct 2308",851,292,29,34,0,0,53,0,"1,206","1,259"
"Precinct 2309",117,9,0,1,0,0,5,0,127,132
"Precinct 2310",925,247,26,26,0,0,42,2,"1,224","1,268"
Adams,"2,001",557,46,31,0,0,88,1,"2,635","2,724"
"Precinct 001 Indian Valley",181,22,3,0,0,0,8,0,206,214
"Precinct 002 Council",580,106,8,9,0,0,15,0,703,718
"Precinct 003 N. Council",527,116,15,11,0,0,35,0,669,704
"Precinct 005 New Meadows",654,303,20,10,0,0,28,1,987,"1,016"
"Precinct 006 Little Salmon River",59,10,0,1,0,0,2,0,70,72
Benewah,"3,857",833,105,90,0,0,350,1,"4,885","5,236"
"Precinct Benewah",174,28,8,5,0,0,9,0,215,224
"Precinct Center",409,87,1,8,0,0,39,0,505,544
"Precinct College",364,72,7,11,0,0,26,1,454,481
"Precinct Emida",227,29,5,2,0,0,6,0,263,269
"Precinct Fernwood",231,41,10,12,0,0,29,0,294,323
"Precinct Plummer",513,214,20,17,0,0,82,0,764,846
"Precinct Santa",283,34,8,8,0,0,17,0,333,350
"Precinct St. Joe",69,10,0,0,0,0,0,0,79,79
"Precinct St. Maries",743,118,15,10,0,0,57,0,886,943
"Precinct Tensed",322,82,13,8,0,0,38,0,425,463
"Precinct Townsite",522,118,18,9,0,0,47,0,667,714
Boise,"3,524",972,129,98,0,0,238,1,"4,723","4,962"
"Precinct #30 Garden Valley",729,147,26,25,0,0,35,0,927,962
"Precinct #40 Horseshoe Bend",638,82,16,21,0,0,65,0,757,822
"Precinct #50 Idaho City",254,89,13,12,0,0,36,0,368,404
"Precinct #60 Lowman",59,19,4,2,0,0,7,0,84,91
"Precinct #70 Mores Creek",475,116,28,16,0,0,30,0,635,665
"Precinct #80 Placerville",115,36,1,6,0,0,8,0,158,166
"Precinct #90 Absentee","1,254",483,41,16,0,0,57,1,"1,794","1,852"
Bonner,"20,570","7,340",525,374,2,1,"1,303",2,"28,812","30,117"
"Precinct Airport",795,427,32,17,0,0,57,0,"1,271","1,328"
"Precinct Algoma",697,236,10,16,0,0,32,0,959,991
"Precinct Baldy",664,554,18,15,0,0,55,0,"1,251","1,306"
"Precinct Beach",420,458,15,8,0,0,53,0,901,954
"Precinct Blue Lake",557,119,16,15,0,0,35,0,707,742
"Precinct Careywood","1,033",187,16,17,0,0,44,0,"1,253","1,297"
"Precinct Clagstone","1,127",110,17,25,0,0,44,0,"1,279","1,323"
"Precinct Clark Fork",643,173,22,15,0,0,36,0,853,889
"Precinct Colburn",724,180,23,15,0,0,37,0,942,979
"Precinct Dover",376,240,12,4,0,0,21,0,632,653
"Precinct E. Priest River",785,155,24,21,0,0,69,0,985,"1,054"
"Precinct Edgemere",650,75,12,17,0,0,33,1,754,788
"Precinct Gamlin Lake",412,183,9,7,0,0,25,0,611,636
"Precinct Grouse Creek",784,255,29,12,0,0,57,0,"1,080","1,137"
"Precinct Hope",470,281,8,7,0,0,32,0,766,798
"Precinct Humbird",526,463,28,14,0,0,52,0,"1,031","1,083"
"Precinct Kootenai",925,348,29,14,0,0,65,0,"1,316","1,381"
"Precinct Laclede",333,83,12,7,0,0,13,0,435,448
"Precinct Lamb Creek",282,129,7,2,0,0,20,0,420,440
"Precinct Oden",748,294,11,11,0,0,39,0,"1,064","1,103"
"Precinct Oldtown","1,160",196,30,28,0,1,91,1,"1,415","1,507"
"Precinct Priest Lake",170,66,9,3,0,0,13,0,248,261
"Precinct Sagle","1,006",377,29,7,0,0,60,0,"1,419","1,479"
"Precinct Selle",785,248,18,13,0,0,60,0,"1,064","1,124"
"Precinct S. Side","1,098",253,15,20,0,0,53,0,"1,386","1,439"
"Precinct Spirit Valley","1,181",158,10,20,0,0,52,0,"1,369","1,421"
"Precinct Washington",665,735,29,7,0,0,66,0,"1,436","1,502"
"Precinct W. Priest River Valley",496,94,12,5,0,0,41,0,607,648
"Precinct Westmond",836,197,18,9,2,0,33,0,"1,062","1,095"
"Precinct Wrenco",222,66,5,3,0,0,15,0,296,311
Boundary,"5,588","1,064",128,91,0,0,382,4,"6,871","7,257"
"Precinct Absentee","1,912",625,29,18,0,0,133,4,"2,584","2,721"
"Precinct Bonners Ferry/Kootenai",482,85,17,7,0,0,43,0,591,634
"Precinct Copeland",464,40,13,11,0,0,20,0,528,548
"Precinct Moyie Springs",934,87,14,14,0,0,58,0,"1,049","1,107"
"Precinct N. Bonners Ferry",638,90,17,20,0,0,59,0,765,824
"Precinct Naples",686,84,29,15,0,0,36,0,814,850
"Precinct Valley View",472,53,9,6,0,0,33,0,540,573
Canyon,"69,017","23,594","2,183","1,807",2,0,"5,777",52,"96,603","102,432"
"Precinct 0109","1,858",334,32,46,0,0,78,1,"2,270","2,349"
"Precinct 0209",886,162,24,22,0,0,58,1,"1,094","1,153"
"Precinct 0309",667,105,19,12,0,0,55,0,803,858
"Precinct 0409","1,598",372,34,37,0,0,120,1,"2,041","2,162"
"Precinct 0509",674,141,14,9,0,0,56,0,838,894
"Precinct 0609",736,156,17,6,0,0,47,0,915,962
"Precinct 0710","1,356",226,31,31,0,0,68,1,"1,644","1,713"
"Precinct 0810","2,466",382,50,31,0,0,151,0,"2,929","3,080"
"Precinct 0910","2,795",576,72,74,0,0,235,2,"3,517","3,754"
"Precinct 1010","2,796",467,52,40,0,0,251,3,"3,355","3,609"
"Precinct 1110",69,15,1,1,0,0,10,0,86,96
"Precinct 1210","2,789",719,78,42,0,0,183,1,"3,628","3,812"
"Precinct 1310",134,38,7,5,0,0,9,0,184,193
"Precinct 1410",501,103,15,13,0,0,31,1,632,664
"Precinct 1510","1,883",628,71,35,0,0,200,2,"2,617","2,819"
"Precinct 1610",379,165,13,14,0,0,26,1,571,598
"Precinct 1710","2,035",878,83,57,1,0,156,1,"3,054","3,211"
"Precinct 1811","1,257",580,42,46,1,0,124,4,"1,926","2,054"
"Precinct 1911","1,979",653,67,76,0,0,153,0,"2,775","2,928"
"Precinct 2011",597,331,30,27,0,0,82,1,985,"1,068"
"Precinct 2111",821,668,39,45,0,0,121,1,"1,573","1,695"
"Precinct 2211","1,059",603,51,42,0,0,157,3,"1,755","1,915"
"Precinct 2311","1,966",953,67,57,0,0,210,0,"3,043","3,253"
"Precinct 2411",613,349,31,28,0,0,67,1,"1,021","1,089"
"Precinct 2511","1,379",651,58,56,0,0,115,0,"2,144","2,259"
"Precinct 2611",945,409,37,37,0,0,72,0,"1,428","1,500"
"Precinct 2712","1,632",567,75,44,0,0,148,0,"2,318","2,466"
"Precinct 2812","1,072",612,47,46,0,0,144,2,"1,777","1,923"
"Precinct 2912","1,816",687,56,48,0,0,173,3,"2,607","2,783"
"Precinct 3012","1,081",254,16,36,0,0,86,0,"1,387","1,473"
"Precinct 3112","1,189",751,52,41,0,0,153,2,"2,033","2,188"
"Precinct 3212","2,045",890,66,58,0,0,179,0,"3,059","3,238"
"Precinct 3312","2,658",851,45,42,0,0,183,3,"3,596","3,782"
"Precinct 3412","1,250",508,43,38,0,0,95,1,"1,839","1,935"
"Precinct 3512","2,173",819,57,39,0,0,143,0,"3,088","3,231"
"Precinct 3613",950,259,28,21,0,0,52,1,"1,258","1,311"
"Precinct 3713","1,091",367,46,46,0,0,105,2,"1,550","1,657"
"Precinct 3813","2,438",695,83,40,0,0,250,1,"3,256","3,507"
"Precinct 3913","1,417",547,48,45,0,0,91,1,"2,057","2,149"
"Precinct 4013",790,529,46,47,0,0,78,2,"1,412","1,492"
"Precinct 4113",653,550,53,39,0,0,70,1,"1,295","1,366"
"Precinct 4213",976,418,36,33,0,0,59,1,"1,463","1,523"
"Precinct 4313","1,122",745,61,51,0,0,133,2,"1,979","2,114"
"Precinct 4413","2,233",654,57,46,0,0,187,2,"2,990","3,179"
"Precinct 4513","1,144",517,47,25,0,0,125,0,"1,733","1,858"
"Precinct 4613","1,497",546,48,29,0,0,195,0,"2,120","2,315"
"Precinct 4723",291,65,6,7,0,0,22,0,369,391
"Precinct 4823","1,521",383,38,34,0,0,103,1,"1,976","2,080"
"Precinct 4923",928,194,28,15,0,0,44,0,"1,165","1,209"
"Precinct 5023","1,816",394,39,34,0,0,84,2,"2,283","2,369"
"Precinct 5123",996,128,27,14,0,0,40,0,"1,165","1,205"
Clearwater,"3,462",749,63,46,0,0,140,3,"4,320","4,463"
"Precinct Ahsahka #11",257,64,3,2,0,0,7,0,326,333
"Precinct Elk River #13",59,25,1,0,0,0,3,0,85,88
"Precinct Fraser #6",98,15,1,1,0,0,7,0,115,122
"Precinct Grangemont #14",100,17,3,2,0,0,7,0,122,129
"Precinct Greer #7",37,8,0,0,0,0,0,0,45,45
"Precinct Headquarters #10",47,7,0,0,0,0,0,0,54,54
"Precinct Orofino #1",443,109,11,11,0,0,21,0,574,595
"Precinct Orofino #2",424,89,10,4,0,0,21,0,527,548
"Precinct Orofino #3",505,99,6,10,0,0,15,0,620,635
"Precinct Orofino #4",294,68,5,4,0,0,6,1,371,378
"Precinct Orofino #5",356,117,13,4,0,0,19,1,490,510
"Precinct Pierce #12",250,43,2,2,0,0,8,0,297,305
"Precinct Teakean #8",194,32,1,3,0,0,3,0,230,233
"Precinct Weippe #9",398,56,7,3,0,0,23,1,464,488
Gem,"8,313","1,658",190,199,0,0,357,12,"10,360","10,729"
"Precinct 01 Central",287,65,9,14,0,0,14,0,375,389
"Precinct 02 N. Emmett",235,58,10,12,0,0,9,0,315,324
"Precinct 03 Butteview",349,89,13,12,0,0,25,0,463,488
"Precinct 04 S. Emmett",291,77,16,7,0,0,32,0,391,423
"Precinct 05 W. Emmett",507,69,5,15,0,0,29,0,596,625
"Precinct 06 Emerson",518,63,10,11,0,0,14,1,602,617
"Precinct 07 Lincoln",360,66,9,6,0,0,12,10,441,463
"Precinct 08 Letha",498,56,11,16,0,0,19,0,581,600
"Precinct 09 Hanna",448,43,7,20,0,0,23,0,518,541
"Precinct 10 Brick",314,43,4,3,0,0,14,0,364,378
"Precinct 11 Bench",413,54,15,7,0,0,18,1,489,508
"Precinct 12 Sweet/Montour",303,49,8,8,0,0,10,0,368,378
"Precinct 13 Ola",74,17,5,3,0,0,1,0,99,100
"Precinct 14 Absentee","3,716",909,68,65,0,0,137,0,"4,758","4,895"
Idaho,"7,881","1,425",194,129,0,0,377,11,"9,629","10,017"
"Precinct 001-Big Butte",79,6,0,2,0,0,3,7,87,97
"Precinct 002-Clearwater",227,19,5,2,0,0,10,0,253,263
"Precinct 003-Cottonwood #1",232,21,3,3,0,0,12,0,259,271
"Precinct 004-Cottonwood #2",196,41,3,4,0,0,8,0,244,252
"Precinct 005-Elk City",137,14,1,1,0,0,11,0,153,164
"Precinct 006-Fenn",82,12,4,2,0,0,10,0,100,110
"Precinct 007-Ferdinand",138,18,2,3,0,0,5,0,161,166
"Precinct 008-Greencreek",138,10,4,2,0,0,7,0,154,161
"Precinct 009-Glover",168,18,6,4,0,0,6,0,196,202
"Precinct 010-Grangeville #1",277,27,12,7,0,0,12,0,323,335
"Precinct 011-Grangeville #2",204,26,5,5,0,0,14,0,240,254
"Precinct 012-Grangeville #3",218,31,8,1,0,0,12,0,258,270
"Precinct 013-Grangeville #4",296,57,11,6,0,0,14,0,370,384
"Precinct 014-Grangeville #5",308,39,11,5,0,0,13,0,363,376
"Precinct 015-Harpster",135,18,2,3,0,0,6,0,158,164
"Precinct 016-Joseph",18,6,0,1,0,0,0,0,25,25
"Precinct 017-Kamiah",550,109,13,10,0,0,21,0,682,703
"Precinct 018-Keuterville",130,23,3,2,0,0,8,0,158,166
"Precinct 019-Kooskia",688,77,17,19,0,0,44,0,801,845
"Precinct 020-Lowell",34,19,0,2,0,0,4,0,55,59
"Precinct 021-Pollock",251,47,9,3,0,0,10,0,310,320
"Precinct 022-Riggins",236,54,12,6,0,0,19,0,308,327
"Precinct 023-Slate Creek 1",80,5,3,0,0,0,2,0,88,90
"Precinct 024-Stites",193,16,3,2,0,0,6,0,214,220
"Precinct 025-White Bird",196,12,3,3,0,0,11,0,214,225
"Precinct 026-Woodland",150,22,1,2,0,0,19,0,175,194
"Precinct 027-Slate Creek 2",62,17,6,0,0,0,1,0,85,86
"Precinct 028-Absentee","2,458",661,47,29,0,0,89,4,"3,195","3,288"
Kootenai,"69,278","20,798","1,798","1,036",1,0,"4,781",19,"92,911","97,711"
"Precinct 201","1,154",229,31,16,0,0,89,0,"1,430","1,519"
"Precinct 202","1,522",153,37,19,0,0,85,0,"1,731","1,816"
"Precinct 203","1,407",180,21,16,0,0,83,1,"1,624","1,708"
"Precinct 204","1,262",246,23,14,0,0,72,1,"1,545","1,618"
"Precinct 205","1,091",263,18,13,0,0,56,0,"1,385","1,441"
"Precinct 206",508,150,8,6,0,0,14,0,672,686
"Precinct 207",479,134,10,4,0,0,23,0,627,650
"Precinct 208",622,196,20,10,0,0,35,0,848,883
"Precinct 301",907,213,21,10,0,0,61,1,"1,151","1,213"
"Precinct 302","1,207",177,19,15,0,0,42,0,"1,418","1,460"
"Precinct 303","1,393",169,28,16,0,0,79,0,"1,606","1,685"
"Precinct 304","1,392",292,29,24,0,0,63,0,"1,737","1,800"
"Precinct 305",973,196,17,14,0,0,69,0,"1,200","1,269"
"Precinct 306","1,058",251,32,23,0,0,87,0,"1,364","1,451"
"Precinct 307","1,196",184,21,14,0,0,116,0,"1,415","1,531"
"Precinct 308","1,253",274,30,27,0,0,70,0,"1,584","1,654"
"Precinct 309","1,437",215,20,12,0,0,60,0,"1,684","1,744"
"Precinct 310",953,244,28,13,0,0,58,0,"1,238","1,296"
"Precinct 311",544,124,11,6,0,0,47,0,685,732
"Precinct 312","1,070",273,24,8,0,0,78,1,"1,375","1,454"
"Precinct 313","1,221",246,25,12,0,0,68,0,"1,504","1,572"
"Precinct 314","1,171",365,19,12,0,0,73,0,"1,567","1,640"
"Precinct 315",892,303,18,14,0,0,74,0,"1,227","1,301"
"Precinct 316","1,158",236,23,23,0,0,79,0,"1,440","1,519"
"Precinct 317","1,057",314,31,15,0,0,64,0,"1,417","1,481"
"Precinct 318",875,287,22,6,0,0,55,1,"1,190","1,246"
"Precinct 319",966,319,22,6,0,0,72,0,"1,313","1,385"
"Precinct 320","1,056",349,17,11,0,0,79,0,"1,433","1,512"
"Precinct 321","1,020",287,19,7,0,0,82,0,"1,333","1,415"
"Precinct 322","1,219",386,37,18,0,0,107,0,"1,660","1,767"
"Precinct 323",918,185,33,17,0,0,62,1,"1,153","1,216"
"Precinct 401",797,264,25,8,0,0,50,1,"1,094","1,145"
"Precinct 402",959,280,35,20,0,0,77,0,"1,294","1,371"
"Precinct 403",980,379,19,11,0,0,67,1,"1,389","1,457"
"Precinct 404",804,374,19,11,0,0,82,0,"1,208","1,290"
"Precinct 405","1,024",381,22,21,0,0,88,0,"1,448","1,536"
"Precinct 406",780,319,25,18,0,0,75,1,"1,142","1,218"
"Precinct 407",799,419,24,15,0,0,70,0,"1,257","1,327"
"Precinct 408",809,422,26,22,0,0,52,1,"1,279","1,332"
"Precinct 409",791,347,24,9,0,0,76,0,"1,171","1,247"
"Precinct 410",848,375,10,4,0,0,72,0,"1,237","1,309"
"Precinct 411",759,379,35,15,0,0,59,1,"1,188","1,248"
"Precinct 412",749,377,14,21,0,0,59,0,"1,161","1,220"
"Precinct 413",777,405,35,13,0,0,94,2,"1,230","1,326"
"Precinct 414",754,378,44,18,0,0,57,0,"1,194","1,251"
"Precinct 415",673,382,37,13,0,0,87,0,"1,105","1,192"
"Precinct 416",568,434,22,5,0,0,61,0,"1,029","1,090"
"Precinct 417",641,489,45,16,0,0,63,1,"1,191","1,255"
"Precinct 418",610,501,25,9,0,0,77,1,"1,145","1,223"
"Precinct 419",645,519,27,9,0,0,51,0,"1,200","1,251"
"Precinct 420",629,444,25,8,0,0,46,0,"1,106","1,152"
"Precinct 501",846,204,51,23,0,0,56,0,"1,124","1,180"
"Precinct 502","1,023",291,23,25,1,0,49,0,"1,363","1,412"
"Precinct 503",977,182,8,9,0,0,42,0,"1,176","1,218"
"Precinct 504",960,247,30,17,0,0,76,0,"1,254","1,330"
"Precinct 505","1,118",230,19,13,0,0,56,0,"1,380","1,436"
"Precinct 506",796,256,22,14,0,0,57,0,"1,088","1,145"
"Precinct 507",900,302,45,24,0,0,49,0,"1,271","1,320"
"Precinct 508",870,174,20,16,0,0,49,0,"1,080","1,129"
"Precinct 509","1,005",289,29,21,0,0,69,0,"1,344","1,413"
"Precinct 510",850,263,20,19,0,0,65,0,"1,152","1,217"
"Precinct 511","1,004",339,30,29,0,0,82,0,"1,402","1,484"
"Precinct 512","1,096",195,33,11,0,0,59,0,"1,335","1,394"
"Precinct 513","1,085",219,16,15,0,0,69,0,"1,335","1,404"
"Precinct 514","1,032",231,27,14,0,0,52,0,"1,304","1,356"
"Precinct 515",875,264,40,13,0,0,50,0,"1,192","1,242"
"Precinct 516",934,273,26,16,0,0,77,1,"1,249","1,327"
"Precinct 517",801,262,22,22,0,0,57,0,"1,107","1,164"
"Precinct 518",611,114,8,8,0,0,42,0,741,783
"Precinct 519","1,423",287,19,13,0,0,81,1,"1,742","1,824"
"Precinct 520","1,013",330,27,13,0,0,67,0,"1,383","1,450"
"Precinct 521",849,226,11,1,0,0,53,0,"1,087","1,140"
"Precinct 522",833,312,20,13,0,0,59,2,"1,178","1,239"
Latah,"10,366","8,808",465,218,0,0,965,10,"19,857","20,832"
"Precinct Bovill 32",102,21,0,3,0,0,11,1,126,138
"Precinct Cora 31",178,44,4,1,0,0,7,0,227,234
"Precinct Deary 19",660,147,13,15,0,0,54,0,835,889
"Precinct Farmington 20",23,4,0,0,0,0,0,0,27,27
"Precinct Genesee 21",585,257,20,15,0,0,31,1,877,909
"Precinct Harvard 22",204,31,4,4,0,0,22,0,243,265
"Precinct Juliaetta 23",267,71,5,5,0,0,27,0,348,375
"Precinct Kendrick 24",224,68,7,6,0,0,17,0,305,322
"Precinct Linden 25",86,9,1,0,0,0,2,0,96,98
"Precinct Moscow 1",115,84,3,6,0,0,10,0,208,218
"Precinct Moscow 10",318,462,18,9,0,0,27,0,807,834
"Precinct Moscow 11",266,453,19,12,0,0,32,0,750,782
"Precinct Moscow 12",493,386,19,10,0,0,50,0,908,958
"Precinct Moscow 13",194,365,13,5,0,0,31,0,577,608
"Precinct Moscow 14",237,465,18,5,0,0,34,0,725,759
"Precinct Moscow 15",242,449,19,5,0,0,22,1,715,738
"Precinct Moscow 16",238,374,15,6,0,0,36,1,633,670
"Precinct Moscow 17",403,390,20,8,0,0,38,0,821,859
"Precinct Moscow 18",144,298,22,5,0,0,29,0,469,498
"Precinct Moscow 2",389,430,30,11,0,0,42,1,860,903
"Precinct Moscow 3",451,425,24,11,0,0,38,0,911,949
"Precinct Moscow 4",381,407,12,2,0,0,37,0,802,839
"Precinct Moscow 5",424,525,12,5,0,0,36,0,966,"1,002"
"Precinct Moscow 6",310,443,17,8,0,0,33,0,778,811
"Precinct Moscow 7",627,513,54,18,0,0,45,0,"1,212","1,257"
"Precinct Moscow 8",184,367,18,5,0,0,33,1,574,608
"Precinct Moscow 9",366,535,17,6,0,0,50,0,924,974
"Precinct Onaway 37",67,20,2,4,0,0,5,0,93,98
"Precinct Palouse 26",201,82,6,4,0,0,18,1,293,312
"Precinct Potlatch 27",510,121,10,9,0,0,40,0,650,690
"Precinct Princeton 28",362,64,9,7,0,0,22,0,442,464
"Precinct Troy 29",532,226,20,5,0,0,39,1,783,823
"Precinct Troy 39",319,136,6,1,0,0,20,1,462,483
"Precinct Viola 30",264,136,8,2,0,0,27,1,410,438
Lewis,"1,465",293,28,25,0,1,64,1,"1,812","1,877"
"Precinct 001 Nezperce",273,77,3,8,0,0,9,0,361,370
"Precinct 002 W. Kamiah",408,85,11,6,0,0,17,0,510,527
"Precinct 003 E. Kamiah",140,15,3,3,0,0,9,0,161,170
"Precinct 004 Craigmont",320,58,6,4,0,1,14,1,389,404
"Precinct 005 Winchester",256,45,4,4,0,0,9,0,309,318
"Precinct 006 Reubens",27,9,1,0,0,0,1,0,37,38
"Precinct 007 Mohler",32,2,0,0,0,0,3,0,34,37
"Precinct 008 Slickpoo",9,2,0,0,0,0,2,0,11,13
"Nez Perce","13,333","5,833",388,277,0,0,530,22,"19,831","20,383"
"Precinct Absentee Legislative 6","1,469",583,18,25,0,0,44,1,"2,095","2,140"
"Precinct Absentee Legislative 7","3,527","2,117",78,50,0,0,140,5,"5,772","5,917"
"Precinct Culdesac 31",206,39,2,6,0,0,7,0,253,260
"Precinct Foothills 24",356,80,4,5,0,0,14,1,445,460
"Precinct Gifford 30",80,21,0,1,0,0,1,0,102,103
"Precinct Lapawai 26",130,465,9,17,0,0,11,2,621,634
"Precinct Leland 27",163,25,5,5,0,0,3,0,198,201
"Precinct Lenore 28",190,33,7,3,0,0,8,0,233,241
"Precinct Lewiston 1",186,146,11,8,0,0,5,0,351,356
"Precinct Lewiston 10",209,71,10,1,0,0,4,0,291,295
"Precinct Lewiston 11",224,102,7,9,0,0,11,0,342,353
"Precinct Lewiston 12",156,53,5,1,0,0,6,0,215,221
"Precinct Lewiston 13",259,79,11,5,0,0,12,0,354,366
"Precinct Lewiston 14",277,81,7,4,0,0,12,0,369,381
"Precinct Lewiston 15",228,60,7,3,0,0,6,0,298,304
"Precinct Lewiston 16",246,85,12,7,0,0,12,2,350,364
"Precinct Lewiston 17",380,100,10,11,0,0,9,0,501,510
"Precinct Lewiston 18",267,76,7,6,0,0,14,1,356,371
"Precinct Lewiston 19",472,113,11,13,0,0,19,1,609,629
"Precinct Lewiston 2",270,84,17,8,0,0,12,0,379,391
"Precinct Lewiston 20",405,85,11,8,0,0,12,1,509,522
"Precinct Lewiston 21",537,158,18,15,0,0,25,2,728,755
"Precinct Lewiston 22",427,112,6,10,0,0,24,1,555,580
"Precinct Lewiston 3",231,165,21,5,0,0,23,0,422,445
"Precinct Lewiston 4",233,126,12,6,0,0,11,0,377,388
"Precinct Lewiston 5",230,106,16,5,0,0,12,0,357,369
"Precinct Lewiston 6",309,134,16,9,0,0,9,0,468,477
"Precinct Lewiston 7",242,94,12,6,0,0,10,1,354,365
"Precinct Lewiston 8",388,159,12,4,0,0,13,1,563,577
"Precinct Lewiston 9",378,136,8,12,0,0,17,0,534,551
"Precinct Peck 29",120,38,4,3,0,0,6,1,165,172
"Precinct Rimrock 23",104,15,1,1,0,0,1,1,121,123
"Precinct Tammany 25",372,55,10,4,0,0,13,1,441,455
"Precinct Webb 32",62,37,3,1,0,0,4,0,103,107
Owyhee,"4,023",695,60,81,0,0,128,4,"4,859","4,991"
"Precinct Absentee",663,192,13,8,0,0,10,2,876,888
"Precinct Bruneau",196,18,4,2,0,0,6,0,220,226
"Precinct Grand View",281,31,3,4,0,0,6,1,319,326
"Precinct Murphy",153,17,2,3,0,0,4,0,175,179
"Precinct N. Homedale",491,104,12,10,0,0,22,0,617,639
"Precinct N. Marsing",505,79,8,9,0,0,29,0,601,630
"Precinct Oreana",89,1,3,1,0,0,2,0,94,96
"Precinct Pleasant Valley",56,0,0,0,0,0,0,0,56,56
"Precinct Riddle",17,39,2,1,0,0,2,0,59,61
"Precinct S. Homedale",708,97,7,24,0,0,25,1,836,862
"Precinct S. Marsing",526,77,4,10,0,0,15,0,617,632
"Precinct Three Creek",11,0,0,1,0,0,0,0,12,12
"Precinct Wilson",327,40,2,8,0,0,7,0,377,384
Payette,"9,217","1,937",212,182,0,0,338,8,"11,548","11,894"
"Precinct 1",760,199,28,20,0,0,35,3,"1,007","1,045"
"Precinct 2","1,637",352,35,28,0,0,43,2,"2,052","2,097"
"Precinct 3",658,156,14,12,0,0,30,0,840,870
"Precinct 4",423,114,13,8,0,0,24,0,558,582
"Precinct 5","1,471",354,27,34,0,0,51,0,"1,886","1,937"
"Precinct 6","1,317",291,27,20,0,0,48,0,"1,655","1,703"
"Precinct 7",260,44,5,2,0,0,8,1,311,320
"Precinct 8","1,439",258,42,32,0,0,44,2,"1,771","1,817"
"Precinct 9","1,082",151,16,21,0,0,45,0,"1,270","1,315"
"Precinct 10",170,18,5,5,0,0,10,0,198,208
Shoshone,"4,056","1,444",119,75,0,0,519,1,"5,694","6,214"
"Precinct Absentee",778,463,16,6,0,0,87,1,"1,263","1,351"
"Precinct Avery",6,4,0,0,0,0,5,0,10,15
"Precinct Calder",63,7,1,1,0,0,5,0,72,77
"Precinct Clarkia",48,2,1,0,0,0,1,0,51,52
"Precinct Kellogg",594,220,31,12,0,0,91,0,857,948
"Precinct Kingston",463,102,7,9,0,0,63,0,581,644
"Precinct Mullan",177,82,5,2,0,0,26,0,266,292
"Precinct Murray",89,10,0,1,0,0,12,0,100,112
"Precinct Osburn",530,149,14,17,0,0,58,0,710,768
"Precinct Pinehurst",607,143,12,8,0,0,71,0,770,841
"Precinct Silverton",146,53,4,4,0,0,21,0,207,228
"Precinct Smelterville",254,52,11,5,0,0,21,0,322,343
"Precinct Wallace",267,139,16,7,0,0,47,0,429,476
"Precinct Wardner",34,18,1,3,0,0,11,0,56,67
Valley,"4,130","2,801",128,81,0,0,215,1,"7,140","7,356"
"Precinct 1 - Alpha",326,86,9,7,0,0,16,0,428,444
"Precinct 2 - Cascade",410,144,10,7,0,0,21,0,571,592
"Precinct 3 - Donnelly",41,38,1,1,0,0,7,0,81,88
"Precinct 4 - McCall",836,"1,040",45,11,0,0,52,0,"1,932","1,984"
"Precinct 5 - Payette",562,524,20,10,0,0,32,1,"1,116","1,149"
"Precinct 6 - Roseberry","1,414",818,36,35,0,0,65,0,"2,303","2,368"
"Precinct 7 - W. Mountain",509,142,6,9,0,0,22,0,666,688
"Precinct 8 - Yellowpine",32,9,1,1,0,0,0,0,43,43
Washington,"4,330",938,85,81,0,0,180,3,"5,434","5,617"
"Precinct 01 Eaton Hale",520,86,5,4,0,0,22,0,615,637
"Precinct 02 W. Weiser",372,108,6,7,0,0,17,1,493,511
"Precinct 03 S. Weiser",226,80,9,9,0,0,13,0,324,337
"Precinct 04 Weiser",340,127,7,7,0,0,19,1,481,501
"Precinct 05 Middle Weiser",351,101,14,6,0,0,13,0,472,485
"Precinct 06 E. Weiser",276,71,3,11,0,0,13,0,361,374
"Precinct 07 Midvale",451,22,6,6,0,0,10,1,485,496
"Precinct 08 Cambridge",543,80,9,13,0,0,14,0,645,659
"Precinct 09 Pioneer",366,139,12,7,0,0,29,0,524,553
"Precinct 10 Sunnyside",456,61,5,5,0,0,17,0,527,544
"Precinct 11 Mineral",429,63,9,6,0,0,13,0,507,520
Totals,"331,049","118,656","9,594","6,933",7,3,"22,598",246,"466,242","489,086"

