,,Martin Heinrich,Nella Louise Domenici,Total Votes Cast,Total Ballots Cast
,,Democratic,Republican,,
State,New Mexico,497333,405978,903311,903311
County,Bernalillo,187163,117575,304738,304738
Precinct,1,224,140,364,364
Precinct,2,385,283,668,668
Precinct,3,152,188,340,340
Precinct,4,356,236,592,592
Precinct,5,313,149,462,462
Precinct,6,355,237,592,592
Precinct,7,341,187,528,528
Precinct,8,197,120,317,317
Precinct,9,410,311,721,721
Precinct,10,317,204,521,521
Precinct,11,382,144,526,526
Precinct,12,271,133,404,404
Precinct,13,440,219,659,659
Precinct,14,426,221,647,647
Precinct,15,261,186,447,447
Precinct,16,227,118,345,345
Precinct,17,386,190,576,576
Precinct,18,437,268,705,705
Precinct,19,281,271,552,552
Precinct,20,336,252,588,588
Precinct,21,195,148,343,343
Precinct,22,205,178,383,383
Precinct,23,247,153,400,400
Precinct,24,363,190,553,553
Precinct,25,286,262,548,548
Precinct,26,395,210,605,605
Precinct,27,465,230,695,695
Precinct,28,340,186,526,526
Precinct,29,348,202,550,550
Precinct,30,487,200,687,687
Precinct,31,375,132,507,507
Precinct,32,206,102,308,308
Precinct,33,250,125,375,375
Precinct,34,239,131,370,370
Precinct,35,263,131,394,394
Precinct,36,353,161,514,514
Precinct,37,236,95,331,331
Precinct,38,284,162,446,446
Precinct,39,256,136,392,392
Precinct,40,363,212,575,575
Precinct,41,306,158,464,464
Precinct,42,314,170,484,484
Precinct,43,284,157,441,441
Precinct,44,125,91,216,216
Precinct,45,252,157,409,409
Precinct,46,416,240,656,656
Precinct,47,199,104,303,303
Precinct,48,184,81,265,265
Precinct,49,48,18,66,66
Precinct,50,339,205,544,544
Precinct,51,335,157,492,492
Precinct,52,297,206,503,503
Precinct,53,258,148,406,406
Precinct,54,453,287,740,740
Precinct,55,196,138,334,334
Precinct,56,188,151,339,339
Precinct,57,747,362,1109,1109
Precinct,58,134,69,203,203
Precinct,59,255,198,453,453
Precinct,60,288,187,475,475
Precinct,61,297,178,475,475
Precinct,62,289,122,411,411
Precinct,63,181,71,252,252
Precinct,64,152,62,214,214
Precinct,65,349,188,537,537
Precinct,66,319,204,523,523
Precinct,67,460,164,624,624
Precinct,68,134,135,269,269
Precinct,69,336,207,543,543
Precinct,70,311,259,570,570
Precinct,71,401,225,626,626
Precinct,72,204,87,291,291
Precinct,73,202,183,385,385
Precinct,74,274,226,500,500
Precinct,75,182,118,300,300
Precinct,76,273,181,454,454
Precinct,77,255,215,470,470
Precinct,78,235,174,409,409
Precinct,79,172,166,338,338
Precinct,80,276,225,501,501
Precinct,81,385,322,707,707
Precinct,82,291,285,576,576
Precinct,83,260,184,444,444
Precinct,84,225,221,446,446
Precinct,85,260,265,525,525
Precinct,86,342,271,613,613
Precinct,87,281,219,500,500
Precinct,88,23,14,37,37
Precinct,89,294,232,526,526
Precinct,90,138,130,268,268
Precinct,91,258,256,514,514
Precinct,92,415,340,755,755
Precinct,93,545,186,731,731
Precinct,94,148,81,229,229
Precinct,95,159,79,238,238
Precinct,96,382,293,675,675
Precinct,97,303,246,549,549
Precinct,98,179,94,273,273
Precinct,99,265,203,468,468
Precinct,100,298,226,524,524
Precinct,101,339,68,407,407
Precinct,102,256,44,300,300
Precinct,103,133,50,183,183
Precinct,104,114,41,155,155
Precinct,105,143,54,197,197
Precinct,106,137,70,207,207
Precinct,107,381,83,464,464
Precinct,108,208,152,360,360
Precinct,109,33,19,52,52
Precinct,110,406,268,674,674
Precinct,111,185,148,333,333
Precinct,112,304,232,536,536
Precinct,113,361,319,680,680
Precinct,114,308,377,685,685
Precinct,115,371,323,694,694
Precinct,116,369,295,664,664
Precinct,117,382,311,693,693
Precinct,118,432,378,810,810
Precinct,119,231,146,377,377
Precinct,120,402,228,630,630
Precinct,121,370,101,471,471
Precinct,122,221,46,267,267
Precinct,123,498,81,579,579
Precinct,124,308,68,376,376
Precinct,125,383,47,430,430
Precinct,126,229,86,315,315
Precinct,127,160,109,269,269
Precinct,128,216,217,433,433
Precinct,129,311,297,608,608
Precinct,130,407,273,680,680
Precinct,131,237,62,299,299
Precinct,132,374,100,474,474
Precinct,133,235,95,330,330
Precinct,134,360,260,620,620
Precinct,135,324,108,432,432
Precinct,136,216,150,366,366
Precinct,137,358,243,601,601
Precinct,138,219,136,355,355
Precinct,139,217,152,369,369
Precinct,140,237,150,387,387
Precinct,141,215,178,393,393
Precinct,142,309,212,521,521
Precinct,143,237,115,352,352
Precinct,144,219,148,367,367
Precinct,145,292,212,504,504
Precinct,146,382,249,631,631
Precinct,147,95,44,139,139
Precinct,148,252,171,423,423
Precinct,149,305,180,485,485
Precinct,150,284,81,365,365
Precinct,151,454,156,610,610
Precinct,152,433,141,574,574
Precinct,153,420,170,590,590
Precinct,154,305,95,400,400
Precinct,155,478,153,631,631
Precinct,156,276,189,465,465
Precinct,157,313,222,535,535
Precinct,158,353,294,647,647
Precinct,159,268,198,466,466
Precinct,160,390,294,684,684
Precinct,161,247,91,338,338
Precinct,162,419,111,530,530
Precinct,163,250,72,322,322
Precinct,164,360,111,471,471
Precinct,165,310,33,343,343
Precinct,166,295,41,336,336
Precinct,167,343,237,580,580
Precinct,168,315,197,512,512
Precinct,169,273,252,525,525
Precinct,170,272,222,494,494
Precinct,171,259,192,451,451
Precinct,172,260,199,459,459
Precinct,173,309,192,501,501
Precinct,174,361,280,641,641
Precinct,175,360,256,616,616
Precinct,176,197,164,361,361
Precinct,177,229,180,409,409
Precinct,178,284,199,483,483
Precinct,179,273,235,508,508
Precinct,180,235,79,314,314
Precinct,181,200,67,267,267
Precinct,182,293,134,427,427
Precinct,183,383,119,502,502
Precinct,184,426,156,582,582
Precinct,185,494,174,668,668
Precinct,186,348,143,491,491
Precinct,187,456,144,600,600
Precinct,188,206,49,255,255
Precinct,189,245,144,389,389
Precinct,190,225,144,369,369
Precinct,191,260,130,390,390
Precinct,192,315,89,404,404
Precinct,193,240,112,352,352
Precinct,194,518,202,720,720
Precinct,195,249,75,324,324
Precinct,196,182,99,281,281
Precinct,197,344,138,482,482
Precinct,198,236,108,344,344
Precinct,199,287,165,452,452
Precinct,200,172,124,296,296
Precinct,201,292,313,605,605
Precinct,202,247,213,460,460
Precinct,203,263,196,459,459
Precinct,204,370,287,657,657
Precinct,205,480,431,911,911
Precinct,206,404,354,758,758
Precinct,207,268,211,479,479
Precinct,208,256,171,427,427
Precinct,209,396,249,645,645
Precinct,210,375,217,592,592
Precinct,211,117,42,159,159
Precinct,212,280,113,393,393
Precinct,213,391,175,566,566
Precinct,214,306,66,372,372
Precinct,215,196,35,231,231
Precinct,216,289,92,381,381
Precinct,217,335,319,654,654
Precinct,218,294,237,531,531
Precinct,219,343,254,597,597
Precinct,220,265,265,530,530
Precinct,221,509,122,631,631
Precinct,222,310,238,548,548
Precinct,223,168,30,198,198
Precinct,224,160,37,197,197
Precinct,225,94,28,122,122
Precinct,226,180,47,227,227
Precinct,227,294,273,567,567
Precinct,228,345,315,660,660
Precinct,229,282,349,631,631
Precinct,230,264,240,504,504
Precinct,231,354,278,632,632
Precinct,232,385,232,617,617
Precinct,233,112,56,168,168
Precinct,234,327,152,479,479
Precinct,235,399,142,541,541
Precinct,236,158,103,261,261
Precinct,237,248,160,408,408
Precinct,238,154,149,303,303
Precinct,239,305,155,460,460
Precinct,240,287,175,462,462
Precinct,241,223,59,282,282
Precinct,242,282,57,339,339
Precinct,243,363,67,430,430
Precinct,244,485,68,553,553
Precinct,245,352,50,402,402
Precinct,246,192,64,256,256
Precinct,247,312,199,511,511
Precinct,248,195,146,341,341
Precinct,249,389,285,674,674
Precinct,250,239,232,471,471
Precinct,251,313,53,366,366
Precinct,252,411,73,484,484
Precinct,253,585,116,701,701
Precinct,254,486,91,577,577
Precinct,255,455,109,564,564
Precinct,256,415,62,477,477
Precinct,257,194,93,287,287
Precinct,258,86,104,190,190
Precinct,259,141,103,244,244
Precinct,260,186,151,337,337
Precinct,261,260,207,467,467
Precinct,262,214,127,341,341
Precinct,263,287,139,426,426
Precinct,264,325,307,632,632
Precinct,265,283,199,482,482
Precinct,266,252,81,333,333
Precinct,267,279,168,447,447
Precinct,268,160,103,263,263
Precinct,269,190,119,309,309
Precinct,270,232,210,442,442
Precinct,271,436,113,549,549
Precinct,272,387,70,457,457
Precinct,273,522,160,682,682
Precinct,274,310,53,363,363
Precinct,275,193,90,283,283
Precinct,276,294,104,398,398
Precinct,277,423,140,563,563
Precinct,278,218,113,331,331
Precinct,279,206,111,317,317
Precinct,280,247,91,338,338
Precinct,281,244,96,340,340
Precinct,282,390,141,531,531
Precinct,283,166,73,239,239
Precinct,284,253,115,368,368
Precinct,285,242,91,333,333
Precinct,286,112,60,172,172
Precinct,287,206,84,290,290
Precinct,288,182,158,340,340
Precinct,289,438,293,731,731
Precinct,290,149,174,323,323
Precinct,291,312,217,529,529
Precinct,292,255,161,416,416
Precinct,293,204,121,325,325
Precinct,294,327,354,681,681
Precinct,295,301,271,572,572
Precinct,296,258,165,423,423
Precinct,297,232,174,406,406
Precinct,298,240,182,422,422
Precinct,299,190,105,295,295
Precinct,300,224,151,375,375
Precinct,301,317,228,545,545
Precinct,302,326,222,548,548
Precinct,303,214,147,361,361
Precinct,304,276,166,442,442
Precinct,305,388,185,573,573
Precinct,306,227,185,412,412
Precinct,307,310,211,521,521
Precinct,308,227,196,423,423
Precinct,309,214,250,464,464
Precinct,310,413,246,659,659
Precinct,311,330,97,427,427
Precinct,312,391,107,498,498
Precinct,313,195,74,269,269
Precinct,314,354,153,507,507
Precinct,315,286,133,419,419
Precinct,316,320,176,496,496
Precinct,317,250,124,374,374
Precinct,318,147,86,233,233
Precinct,319,341,246,587,587
Precinct,320,302,308,610,610
Precinct,321,249,77,326,326
Precinct,322,187,65,252,252
Precinct,323,292,130,422,422
Precinct,324,357,192,549,549
Precinct,325,431,291,722,722
Precinct,326,244,111,355,355
Precinct,327,98,60,158,158
Precinct,328,373,241,614,614
Precinct,329,251,179,430,430
Precinct,330,214,115,329,329
Precinct,331,228,100,328,328
Precinct,332,322,245,567,567
Precinct,333,302,195,497,497
Precinct,334,204,248,452,452
Precinct,335,288,139,427,427
Precinct,336,148,69,217,217
Precinct,337,149,103,252,252
Precinct,338,421,148,569,569
Precinct,339,221,210,431,431
Precinct,340,267,186,453,453
Precinct,341,356,77,433,433
Precinct,342,241,30,271,271
Precinct,343,410,67,477,477
Precinct,344,541,131,672,672
Precinct,345,119,47,166,166
Precinct,346,298,152,450,450
Precinct,347,333,166,499,499
Precinct,348,321,171,492,492
Precinct,349,363,329,692,692
Precinct,350,251,269,520,520
Precinct,351,266,41,307,307
Precinct,352,380,50,430,430
Precinct,353,262,20,282,282
Precinct,354,383,56,439,439
Precinct,355,436,38,474,474
Precinct,356,359,49,408,408
Precinct,357,228,45,273,273
Precinct,358,429,68,497,497
Precinct,359,263,152,415,415
Precinct,360,208,236,444,444
Precinct,361,265,340,605,605
Precinct,362,272,153,425,425
Precinct,363,134,133,267,267
Precinct,364,186,155,341,341
Precinct,365,290,259,549,549
Precinct,366,203,117,320,320
Precinct,367,151,80,231,231
Precinct,368,112,138,250,250
Precinct,369,227,189,416,416
Precinct,370,228,109,337,337
Precinct,371,495,136,631,631
Precinct,372,230,87,317,317
Precinct,373,252,105,357,357
Precinct,374,339,67,406,406
Precinct,375,164,109,273,273
Precinct,376,409,193,602,602
Precinct,377,571,185,756,756
Precinct,378,127,58,185,185
Precinct,379,109,43,152,152
Precinct,380,156,145,301,301
Precinct,381,359,44,403,403
Precinct,382,378,74,452,452
Precinct,383,369,69,438,438
Precinct,384,402,83,485,485
Precinct,385,377,94,471,471
Precinct,386,291,55,346,346
Precinct,387,338,63,401,401
Precinct,388,268,267,535,535
Precinct,389,270,126,396,396
Precinct,390,271,229,500,500
Precinct,391,249,137,386,386
Precinct,392,238,185,423,423
Precinct,393,173,140,313,313
Precinct,394,407,265,672,672
Precinct,395,274,180,454,454
Precinct,396,297,123,420,420
Precinct,397,225,171,396,396
Precinct,398,227,178,405,405
Precinct,399,328,206,534,534
Precinct,400,227,100,327,327
Precinct,401,315,140,455,455
Precinct,402,365,222,587,587
Precinct,403,255,111,366,366
Precinct,404,355,189,544,544
Precinct,405,301,153,454,454
Precinct,406,163,82,245,245
Precinct,407,217,154,371,371
Precinct,408,349,250,599,599
Precinct,409,262,137,399,399
Precinct,410,360,224,584,584
Precinct,411,175,92,267,267
Precinct,412,364,118,482,482
Precinct,413,274,123,397,397
Precinct,414,174,121,295,295
Precinct,415,182,119,301,301
Precinct,416,298,105,403,403
Precinct,417,343,159,502,502
Precinct,418,436,243,679,679
Precinct,419,235,177,412,412
Precinct,420,292,207,499,499
Precinct,421,363,270,633,633
Precinct,422,329,275,604,604
Precinct,423,319,245,564,564
Precinct,424,271,206,477,477
Precinct,425,242,224,466,466
Precinct,426,283,191,474,474
Precinct,427,265,293,558,558
Precinct,428,432,228,660,660
Precinct,429,321,219,540,540
Precinct,430,324,269,593,593
Precinct,431,265,163,428,428
Precinct,432,464,170,634,634
Precinct,433,245,119,364,364
Precinct,434,193,99,292,292
Precinct,435,363,201,564,564
Precinct,436,266,148,414,414
Precinct,437,179,91,270,270
Precinct,438,120,49,169,169
Precinct,439,370,179,549,549
Precinct,440,173,117,290,290
Precinct,441,257,153,410,410
Precinct,442,323,167,490,490
Precinct,443,251,137,388,388
Precinct,444,213,124,337,337
Precinct,445,241,156,397,397
Precinct,446,288,141,429,429
Precinct,447,260,338,598,598
Precinct,448,174,133,307,307
Precinct,449,148,71,219,219
Precinct,450,228,225,453,453
Precinct,451,293,166,459,459
Precinct,452,272,149,421,421
Precinct,453,416,225,641,641
Precinct,454,216,144,360,360
Precinct,455,301,157,458,458
Precinct,456,249,192,441,441
Precinct,457,357,286,643,643
Precinct,458,195,210,405,405
Precinct,459,335,207,542,542
Precinct,460,307,228,535,535
Precinct,461,269,153,422,422
Precinct,462,192,126,318,318
Precinct,463,256,139,395,395
Precinct,464,224,120,344,344
Precinct,465,147,61,208,208
Precinct,466,294,246,540,540
Precinct,467,199,175,374,374
Precinct,468,375,303,678,678
Precinct,469,357,391,748,748
Precinct,470,377,275,652,652
Precinct,471,245,191,436,436
Precinct,472,188,135,323,323
Precinct,473,219,130,349,349
Precinct,474,178,137,315,315
Precinct,475,366,173,539,539
Precinct,476,352,248,600,600
Precinct,477,234,119,353,353
Precinct,478,376,216,592,592
Precinct,479,236,289,525,525
Precinct,480,328,227,555,555
Precinct,481,205,109,314,314
Precinct,482,313,284,597,597
Precinct,483,319,233,552,552
Precinct,484,355,220,575,575
Precinct,485,351,317,668,668
Precinct,486,206,155,361,361
Precinct,487,305,258,563,563
Precinct,488,391,249,640,640
Precinct,489,289,200,489,489
Precinct,490,256,321,577,577
Precinct,491,240,171,411,411
Precinct,492,221,133,354,354
Precinct,493,251,170,421,421
Precinct,494,243,174,417,417
Precinct,495,383,241,624,624
Precinct,496,247,162,409,409
Precinct,497,349,209,558,558
Precinct,498,391,246,637,637
Precinct,499,331,233,564,564
Precinct,500,398,307,705,705
Precinct,501,285,294,579,579
Precinct,502,381,229,610,610
Precinct,503,239,148,387,387
Precinct,504,256,134,390,390
Precinct,505,270,187,457,457
Precinct,506,252,159,411,411
Precinct,507,229,184,413,413
Precinct,508,249,142,391,391
Precinct,509,177,131,308,308
Precinct,510,212,166,378,378
Precinct,511,295,287,582,582
Precinct,512,246,162,408,408
Precinct,513,166,138,304,304
Precinct,514,361,299,660,660
Precinct,515,241,188,429,429
Precinct,516,257,192,449,449
Precinct,517,267,264,531,531
Precinct,518,256,178,434,434
Precinct,519,224,152,376,376
Precinct,520,212,173,385,385
Precinct,521,386,316,702,702
Precinct,522,211,194,405,405
Precinct,523,284,266,550,550
Precinct,524,159,161,320,320
Precinct,525,384,247,631,631
Precinct,526,395,300,695,695
Precinct,527,138,114,252,252
Precinct,528,130,148,278,278
Precinct,529,254,159,413,413
Precinct,530,327,180,507,507
Precinct,531,342,200,542,542
Precinct,532,297,188,485,485
Precinct,533,270,142,412,412
Precinct,534,367,264,631,631
Precinct,535,281,191,472,472
Precinct,536,196,130,326,326
Precinct,537,242,161,403,403
Precinct,538,224,110,334,334
Precinct,539,360,176,536,536
Precinct,540,238,163,401,401
Precinct,541,256,436,692,692
Precinct,542,313,196,509,509
Precinct,543,246,139,385,385
Precinct,544,360,238,598,598
Precinct,545,333,249,582,582
Precinct,546,311,266,577,577
Precinct,547,336,235,571,571
Precinct,548,283,206,489,489
Precinct,549,379,270,649,649
Precinct,550,336,196,532,532
Precinct,551,107,127,234,234
Precinct,552,324,282,606,606
Precinct,553,317,359,676,676
Precinct,554,270,220,490,490
Precinct,555,296,209,505,505
Precinct,556,241,261,502,502
Precinct,557,276,335,611,611
Precinct,558,305,243,548,548
Precinct,559,388,308,696,696
Precinct,560,269,324,593,593
Precinct,561,200,154,354,354
Precinct,562,375,232,607,607
Precinct,563,180,188,368,368
Precinct,564,229,189,418,418
Precinct,565,346,239,585,585
Precinct,566,374,305,679,679
Precinct,567,59,60,119,119
Precinct,568,199,274,473,473
Precinct,569,281,160,441,441
Precinct,570,183,128,311,311
Precinct,571,193,234,427,427
Precinct,572,195,226,421,421
Precinct,573,170,179,349,349
Precinct,574,330,196,526,526
Precinct,575,367,401,768,768
Precinct,576,306,308,614,614
Precinct,577,259,386,645,645
Precinct,578,231,237,468,468
Precinct,579,326,327,653,653
Precinct,580,221,287,508,508
Precinct,581,283,110,393,393
Precinct,582,144,190,334,334
Precinct,583,225,243,468,468
Precinct,584,179,181,360,360
Precinct,585,199,178,377,377
Precinct,586,367,198,565,565
Precinct,587,273,127,400,400
Precinct,588,307,265,572,572
Precinct,589,264,193,457,457
Precinct,590,277,211,488,488
Precinct,591,78,43,121,121
Precinct,592,284,291,575,575
Precinct,593,280,189,469,469
Precinct,594,315,342,657,657
Precinct,595,313,408,721,721
Precinct,596,153,244,397,397
Precinct,597,197,463,660,660
Precinct,598,137,207,344,344
Precinct,599,267,188,455,455
Precinct,600,186,84,270,270
Precinct,601,263,279,542,542
Precinct,602,329,261,590,590
Precinct,603,316,281,597,597
Precinct,604,190,103,293,293
Precinct,605,251,175,426,426
Precinct,606,292,260,552,552
Precinct,607,263,168,431,431
Precinct,608,200,340,540,540
Precinct,609,196,123,319,319
Precinct,610,206,151,357,357
Precinct,611,274,223,497,497
Precinct,612,340,269,609,609
Precinct,613,164,29,193,193
Precinct,614,274,193,467,467
Precinct,615,192,204,396,396
Precinct,616,88,100,188,188
Precinct,617,119,63,182,182
Precinct,618,284,145,429,429
Precinct,619,178,117,295,295
Precinct,620,107,79,186,186
Precinct,621,237,150,387,387
Precinct,622,242,200,442,442
Precinct,623,238,199,437,437
Precinct,624,231,199,430,430
Precinct,625,258,172,430,430
Precinct,626,362,287,649,649
Precinct,627,220,138,358,358
Precinct,628,103,101,204,204
Precinct,629,294,187,481,481
Precinct,630,166,132,298,298
Precinct,631,82,76,158,158
Precinct,632,271,211,482,482
Precinct,633,229,146,375,375
Precinct,634,280,91,371,371
Precinct,635,205,241,446,446
Precinct,636,253,275,528,528
Precinct,637,163,130,293,293
Precinct,638,217,177,394,394
Precinct,639,233,203,436,436
Precinct,640,177,48,225,225
Precinct,641,146,116,262,262
Precinct,642,154,71,225,225
Precinct,643,247,191,438,438
Precinct,644,289,200,489,489
Precinct,645,151,133,284,284
Precinct,646,157,77,234,234
Precinct,647,134,113,247,247
Precinct,648,279,259,538,538
Precinct,649,256,181,437,437
Precinct,650,197,138,335,335
Precinct,651,180,160,340,340
Precinct,652,101,98,199,199
Precinct,653,101,52,153,153
Precinct,654,191,117,308,308
Precinct,655,163,122,285,285
Precinct,656,200,148,348,348
Precinct,657,192,145,337,337
Precinct,658,129,58,187,187
Precinct,659,147,130,277,277
Precinct,660,155,89,244,244
Precinct,661,228,169,397,397
Precinct,662,180,151,331,331
Precinct,663,178,91,269,269
Precinct,664,77,67,144,144
Precinct,665,192,195,387,387
Precinct,666,208,85,293,293
Precinct,667,105,186,291,291
Precinct,668,230,204,434,434
Precinct,669,160,85,245,245
Precinct,670,333,131,464,464
Precinct,671,199,106,305,305
Precinct,672,81,80,161,161
Precinct,673,110,153,263,263
Precinct,674,186,126,312,312
Precinct,675,161,131,292,292
Precinct,676,171,158,329,329
Precinct,677,191,86,277,277
Precinct,678,117,96,213,213
Precinct,679,238,143,381,381
Precinct,680,223,172,395,395
Precinct,681,167,110,277,277
Precinct,682,220,205,425,425
Precinct,683,118,150,268,268
Precinct,684,70,118,188,188
Precinct,685,105,94,199,199
Precinct,686,217,177,394,394
Precinct,687,135,70,205,205
Precinct,Voter Privacy,0,0,0,0
County,Catron,615,1676,2291,2291
Precinct,1,113,249,362,362
Precinct,2,108,406,514,514
Precinct,3,100,190,290,290
Precinct,4,42,181,223,223
Precinct,5,78,177,255,255
Precinct,6,25,92,117,117
Precinct,7,95,224,319,319
Precinct,8,40,123,163,163
Precinct,9,14,34,48,48
Precinct,Voter Privacy,0,0,0,0
County,Chaves,6723,14891,21614,21614
Precinct,1,77,343,420,420
Precinct,2,132,286,418,418
Precinct,3,140,335,475,475
Precinct,4,165,264,429,429
Precinct,5,117,365,482,482
Precinct,6,156,316,472,472
Precinct,7,166,453,619,619
Precinct,8,136,412,548,548
Precinct,9,87,208,295,295
Precinct,10,111,544,655,655
Precinct,11,80,252,332,332
Precinct,12,65,380,445,445
Precinct,13,161,348,509,509
Precinct,14,160,288,448,448
Precinct,15,83,178,261,261
Precinct,16,84,207,291,291
Precinct,17,126,319,445,445
Precinct,18,95,262,357,357
Precinct,20,141,267,408,408
Precinct,21,180,460,640,640
Precinct,22,164,298,462,462
Precinct,23,103,211,314,314
Precinct,24,77,107,184,184
Precinct,25,102,128,230,230
Precinct,31,153,290,443,443
Precinct,32,89,126,215,215
Precinct,33,110,207,317,317
Precinct,34,96,116,212,212
Precinct,35,130,236,366,366
Precinct,36,129,436,565,565
Precinct,40,66,253,319,319
Precinct,41,180,371,551,551
Precinct,42,77,132,209,209
Precinct,43,108,127,235,235
Precinct,44,*,22,22,22
Precinct,45,*,13,13,13
Precinct,46,18,67,85,85
Precinct,47,*,*,0,0
Precinct,51,51,78,129,129
Precinct,52,118,215,333,333
Precinct,61,86,71,157,157
Precinct,62,114,115,229,229
Precinct,63,100,135,235,235
Precinct,64,159,139,298,298
Precinct,71,69,232,301,301
Precinct,72,117,236,353,353
Precinct,73,61,202,263,263
Precinct,74,61,127,188,188
Precinct,81,83,110,193,193
Precinct,82,111,192,303,303
Precinct,83,70,152,222,222
Precinct,84,141,302,443,443
Precinct,85,99,200,299,299
Precinct,90,102,151,253,253
Precinct,91,191,369,560,560
Precinct,92,86,187,273,273
Precinct,93,200,400,600,600
Precinct,94,100,137,237,237
Precinct,95,88,86,174,174
Precinct,101,137,359,496,496
Precinct,102,110,279,389,389
Precinct,103,58,173,231,231
Precinct,104,5,79,84,84
Precinct,105,58,223,281,281
Precinct,106,54,202,256,256
Precinct,Voter Privacy,3,4,7,7
County,Cibola,4955,3801,8756,8756
Precinct,1,20,119,139,139
Precinct,2,105,83,188,188
Precinct,3,31,36,67,67
Precinct,4,92,223,315,315
Precinct,5,411,183,594,594
Precinct,6,39,91,130,130
Precinct,7,171,251,422,422
Precinct,8,212,189,401,401
Precinct,9,264,216,480,480
Precinct,10,223,217,440,440
Precinct,11,293,271,564,564
Precinct,12,145,128,273,273
Precinct,13,107,107,214,214
Precinct,14,144,260,404,404
Precinct,15,111,246,357,357
Precinct,16,117,200,317,317
Precinct,17,465,72,537,537
Precinct,18,97,64,161,161
Precinct,19,93,190,283,283
Precinct,20,321,60,381,381
Precinct,21,145,34,179,179
Precinct,22,140,31,171,171
Precinct,23,38,10,48,48
Precinct,24,199,37,236,236
Precinct,25,106,33,139,139
Precinct,26,236,104,340,340
Precinct,27,69,87,156,156
Precinct,28,202,179,381,381
Precinct,29,239,33,272,272
Precinct,30,120,47,167,167
Precinct,Voter Privacy,0,0,0,0
County,Colfax,2706,3031,5737,5737
Precinct,1,185,216,401,401
Precinct,2,172,149,321,321
Precinct,3,132,121,253,253
Precinct,4,109,167,276,276
Precinct,5,187,194,381,381
Precinct,7,76,115,191,191
Precinct,8,274,346,620,620
Precinct,9,82,103,185,185
Precinct,10,25,53,78,78
Precinct,11,65,54,119,119
Precinct,12,85,101,186,186
Precinct,13,50,45,95,95
Precinct,14,68,88,156,156
Precinct,15,143,187,330,330
Precinct,16,236,276,512,512
Precinct,17,144,106,250,250
Precinct,18,40,39,79,79
Precinct,19,59,36,95,95
Precinct,20,139,97,236,236
Precinct,21,222,209,431,431
Precinct,22,213,329,542,542
Precinct,Voter Privacy,0,0,0,0
County,Curry,4532,10176,14708,14708
Precinct,1,12,91,103,103
Precinct,2,7,126,133,133
Precinct,3,17,126,143,143
Precinct,4,57,371,428,428
Precinct,5,66,159,225,225
Precinct,6,98,83,181,181
Precinct,7,156,122,278,278
Precinct,8,208,261,469,469
Precinct,9,183,214,397,397
Precinct,10,74,304,378,378
Precinct,11,170,359,529,529
Precinct,12,235,339,574,574
Precinct,13,133,210,343,343
Precinct,14,138,294,432,432
Precinct,15,183,280,463,463
Precinct,16,*,35,35,35
Precinct,17,153,426,579,579
Precinct,18,201,579,780,780
Precinct,19,114,267,381,381
Precinct,20,177,205,382,382
Precinct,21,93,155,248,248
Precinct,22,69,126,195,195
Precinct,23,88,300,388,388
Precinct,24,197,546,743,743
Precinct,25,87,71,158,158
Precinct,26,90,98,188,188
Precinct,27,39,69,108,108
Precinct,28,63,96,159,159
Precinct,29,125,169,294,294
Precinct,30,41,240,281,281
Precinct,31,110,230,340,340
Precinct,32,73,237,310,310
Precinct,33,119,337,456,456
Precinct,34,9,74,83,83
Precinct,35,95,512,607,607
Precinct,36,29,138,167,167
Precinct,37,186,488,674,674
Precinct,38,115,280,395,395
Precinct,39,122,372,494,494
Precinct,40,137,335,472,472
Precinct,41,60,108,168,168
Precinct,42,98,158,256,256
Precinct,43,103,186,289,289
Precinct,Voter Privacy,*,*,*,2
County,De Baca,268,585,853,853
Precinct,1,6,62,68,68
Precinct,2,98,318,416,416
Precinct,3,97,163,260,260
Precinct,4,67,42,109,109
Precinct,Voter Privacy,0,0,0,0
County,Dona Ana,46715,36355,83070,83070
Precinct,1,130,151,281,281
Precinct,2,131,139,270,270
Precinct,3,111,161,272,272
Precinct,4,299,238,537,537
Precinct,5,149,134,283,283
Precinct,6,155,206,361,361
Precinct,7,396,342,738,738
Precinct,8,175,122,297,297
Precinct,9,120,82,202,202
Precinct,10,85,62,147,147
Precinct,11,249,191,440,440
Precinct,12,164,109,273,273
Precinct,13,222,96,318,318
Precinct,14,245,272,517,517
Precinct,15,121,168,289,289
Precinct,16,308,189,497,497
Precinct,17,358,287,645,645
Precinct,18,401,218,619,619
Precinct,19,265,295,560,560
Precinct,20,353,322,675,675
Precinct,21,163,146,309,309
Precinct,22,399,393,792,792
Precinct,23,263,200,463,463
Precinct,24,340,217,557,557
Precinct,25,226,117,343,343
Precinct,26,263,181,444,444
Precinct,27,245,153,398,398
Precinct,28,342,146,488,488
Precinct,29,137,81,218,218
Precinct,30,254,137,391,391
Precinct,31,310,126,436,436
Precinct,32,56,40,96,96
Precinct,33,254,150,404,404
Precinct,34,212,119,331,331
Precinct,35,172,73,245,245
Precinct,36,116,54,170,170
Precinct,37,255,85,340,340
Precinct,38,138,93,231,231
Precinct,39,267,155,422,422
Precinct,40,330,240,570,570
Precinct,41,157,59,216,216
Precinct,42,147,66,213,213
Precinct,43,181,97,278,278
Precinct,44,193,127,320,320
Precinct,45,227,137,364,364
Precinct,46,155,93,248,248
Precinct,47,270,143,413,413
Precinct,48,308,154,462,462
Precinct,49,197,133,330,330
Precinct,50,161,65,226,226
Precinct,51,224,132,356,356
Precinct,52,288,166,454,454
Precinct,53,261,147,408,408
Precinct,54,144,51,195,195
Precinct,55,402,256,658,658
Precinct,56,252,138,390,390
Precinct,57,297,222,519,519
Precinct,58,219,93,312,312
Precinct,59,365,320,685,685
Precinct,60,43,95,138,138
Precinct,61,392,229,621,621
Precinct,62,220,222,442,442
Precinct,63,307,406,713,713
Precinct,64,147,178,325,325
Precinct,65,219,178,397,397
Precinct,66,256,276,532,532
Precinct,67,419,260,679,679
Precinct,68,212,133,345,345
Precinct,69,284,173,457,457
Precinct,70,202,143,345,345
Precinct,71,314,173,487,487
Precinct,72,134,117,251,251
Precinct,73,278,214,492,492
Precinct,74,187,256,443,443
Precinct,75,210,231,441,441
Precinct,76,173,151,324,324
Precinct,77,246,161,407,407
Precinct,78,312,234,546,546
Precinct,79,312,265,577,577
Precinct,80,171,80,251,251
Precinct,81,71,96,167,167
Precinct,82,262,164,426,426
Precinct,83,237,197,434,434
Precinct,84,247,289,536,536
Precinct,85,290,276,566,566
Precinct,86,345,311,656,656
Precinct,87,170,247,417,417
Precinct,88,132,93,225,225
Precinct,89,288,244,532,532
Precinct,90,322,223,545,545
Precinct,91,239,180,419,419
Precinct,92,104,51,155,155
Precinct,93,98,44,142,142
Precinct,94,211,82,293,293
Precinct,95,38,69,107,107
Precinct,96,325,395,720,720
Precinct,97,228,155,383,383
Precinct,98,192,274,466,466
Precinct,99,263,240,503,503
Precinct,100,244,274,518,518
Precinct,101,224,216,440,440
Precinct,102,300,235,535,535
Precinct,103,364,225,589,589
Precinct,104,252,130,382,382
Precinct,105,403,359,762,762
Precinct,106,307,262,569,569
Precinct,107,388,341,729,729
Precinct,108,172,161,333,333
Precinct,109,266,151,417,417
Precinct,110,404,283,687,687
Precinct,111,34,91,125,125
Precinct,112,315,274,589,589
Precinct,113,361,238,599,599
Precinct,114,256,209,465,465
Precinct,115,290,438,728,728
Precinct,116,362,310,672,672
Precinct,117,299,223,522,522
Precinct,118,250,230,480,480
Precinct,119,304,293,597,597
Precinct,120,31,47,78,78
Precinct,121,167,137,304,304
Precinct,122,279,281,560,560
Precinct,123,213,401,614,614
Precinct,124,251,275,526,526
Precinct,125,510,461,971,971
Precinct,126,346,240,586,586
Precinct,127,366,252,618,618
Precinct,128,260,266,526,526
Precinct,129,320,231,551,551
Precinct,130,356,398,754,754
Precinct,131,296,231,527,527
Precinct,132,196,177,373,373
Precinct,133,215,194,409,409
Precinct,134,194,209,403,403
Precinct,135,270,162,432,432
Precinct,136,229,197,426,426
Precinct,137,341,222,563,563
Precinct,138,208,134,342,342
Precinct,139,478,310,788,788
Precinct,140,288,240,528,528
Precinct,141,339,273,612,612
Precinct,142,175,177,352,352
Precinct,143,370,293,663,663
Precinct,144,177,111,288,288
Precinct,145,84,72,156,156
Precinct,146,231,273,504,504
Precinct,147,207,127,334,334
Precinct,148,363,220,583,583
Precinct,149,254,122,376,376
Precinct,150,286,184,470,470
Precinct,151,235,165,400,400
Precinct,152,274,213,487,487
Precinct,153,292,204,496,496
Precinct,154,252,126,378,378
Precinct,155,119,93,212,212
Precinct,156,161,71,232,232
Precinct,157,340,176,516,516
Precinct,158,225,108,333,333
Precinct,159,217,106,323,323
Precinct,160,135,71,206,206
Precinct,161,152,184,336,336
Precinct,162,539,375,914,914
Precinct,163,181,172,353,353
Precinct,164,273,173,446,446
Precinct,165,163,188,351,351
Precinct,166,318,273,591,591
Precinct,167,211,92,303,303
Precinct,168,236,122,358,358
Precinct,169,224,117,341,341
Precinct,170,353,153,506,506
Precinct,171,490,397,887,887
Precinct,172,490,388,878,878
Precinct,173,234,194,428,428
Precinct,174,215,140,355,355
Precinct,175,292,260,552,552
Precinct,176,423,327,750,750
Precinct,177,204,169,373,373
Precinct,178,235,222,457,457
Precinct,179,193,160,353,353
Precinct,180,115,116,231,231
Precinct,181,284,248,532,532
Precinct,182,254,256,510,510
Precinct,183,181,170,351,351
Precinct,184,168,146,314,314
Precinct,185,175,201,376,376
Precinct,186,184,123,307,307
Precinct,187,223,182,405,405
Precinct,188,170,189,359,359
Precinct,189,181,188,369,369
Precinct,190,282,143,425,425
Precinct,Voter Privacy,0,0,0,0
County,Eddy,5979,16775,22754,22754
Precinct,1,47,285,332,332
Precinct,2,43,253,296,296
Precinct,3,111,254,365,365
Precinct,4,105,401,506,506
Precinct,5,62,458,520,520
Precinct,6,76,398,474,474
Precinct,7,118,655,773,773
Precinct,8,71,578,649,649
Precinct,9,169,364,533,533
Precinct,10,244,213,457,457
Precinct,11,122,150,272,272
Precinct,12,50,54,104,104
Precinct,13,221,245,466,466
Precinct,14,114,121,235,235
Precinct,15,194,269,463,463
Precinct,16,200,373,573,573
Precinct,17,210,396,606,606
Precinct,18,183,374,557,557
Precinct,19,160,308,468,468
Precinct,20,134,260,394,394
Precinct,21,105,174,279,279
Precinct,22,175,279,454,454
Precinct,23,157,279,436,436
Precinct,24,92,454,546,546
Precinct,25,73,159,232,232
Precinct,26,126,292,418,418
Precinct,27,100,247,347,347
Precinct,28,115,357,472,472
Precinct,29,6,39,45,45
Precinct,30,9,58,67,67
Precinct,31,107,338,445,445
Precinct,32,208,293,501,501
Precinct,33,95,303,398,398
Precinct,34,136,454,590,590
Precinct,35,135,518,653,653
Precinct,36,112,517,629,629
Precinct,37,73,367,440,440
Precinct,38,30,84,114,114
Precinct,39,56,278,334,334
Precinct,40,11,90,101,101
Precinct,41,68,365,433,433
Precinct,42,5,27,32,32
Precinct,43,68,315,383,383
Precinct,44,135,262,397,397
Precinct,45,117,305,422,422
Precinct,46,63,386,449,449
Precinct,47,105,270,375,375
Precinct,48,99,275,374,374
Precinct,49,61,222,283,283
Precinct,50,142,432,574,574
Precinct,51,144,529,673,673
Precinct,52,218,806,1024,1024
Precinct,53,83,262,345,345
Precinct,54,116,330,446,446
Precinct,Voter Privacy,0,0,0,0
County,Grant,7800,6133,13933,13933
Precinct,1,82,301,383,383
Precinct,2,176,216,392,392
Precinct,3,25,7,32,32
Precinct,4,43,43,86,86
Precinct,5,316,386,702,702
Precinct,6,18,25,43,43
Precinct,7,199,175,374,374
Precinct,8,244,290,534,534
Precinct,9,118,67,185,185
Precinct,10,90,79,169,169
Precinct,11,231,333,564,564
Precinct,12,351,278,629,629
Precinct,13,255,245,500,500
Precinct,14,416,222,638,638
Precinct,15,376,234,610,610
Precinct,16,334,217,551,551
Precinct,17,136,127,263,263
Precinct,18,268,89,357,357
Precinct,19,214,107,321,321
Precinct,20,418,127,545,545
Precinct,21,121,31,152,152
Precinct,22,398,184,582,582
Precinct,23,106,94,200,200
Precinct,24,130,96,226,226
Precinct,25,223,81,304,304
Precinct,26,169,101,270,270
Precinct,27,151,74,225,225
Precinct,28,240,116,356,356
Precinct,29,184,121,305,305
Precinct,30,158,263,421,421
Precinct,31,6,32,38,38
Precinct,32,105,37,142,142
Precinct,33,154,188,342,342
Precinct,34,206,132,338,338
Precinct,35,13,44,57,57
Precinct,36,193,202,395,395
Precinct,37,162,231,393,393
Precinct,38,435,298,733,733
Precinct,39,336,240,576,576
Precinct,Voter Privacy,0,0,0,0
County,Guadalupe,1143,735,1878,1878
Precinct,1,396,223,619,619
Precinct,2,175,112,287,287
Precinct,3,254,222,476,476
Precinct,4,106,60,166,166
Precinct,5,212,118,330,330
Precinct,Voter Privacy,0,0,0,0
County,Harding,138,282,420,420
Precinct,1,39,100,139,139
Precinct,2,96,151,247,247
Precinct,3,*,31,31,31
Precinct,Voter Privacy,*,*,*,3
County,Hidalgo,785,980,1765,1765
Precinct,1 - Lordsburg West,129,144,273,273
Precinct,2 - Lordsburg Central,116,68,184,184
Precinct,3 - Lordsburg East,*,*,0,0
Precinct,4 - Virden,34,148,182,182
Precinct,5 - Rodeo,68,66,134,134
Precinct,6 - Animas,21,125,146,146
Precinct,7 - Lordsburg Northwest,28,44,72,72
Precinct,8 - South Animas/South Lordsburg,56,107,163,163
Precinct,9 - Animas Central,12,69,81,81
Precinct,10 - Lordsburg Northeast,87,46,133,133
Precinct,11 - Lordsburg Southwest,214,109,323,323
Precinct,12 - Lordsburg,20,54,74,74
Precinct,Voter Privacy,0,0,0,0
County,Lea,4563,15852,20415,20415
Precinct,2,*,22,22,22
Precinct,3,76,436,512,512
Precinct,8,67,215,282,282
Precinct,9,74,367,441,441
Precinct,10,117,586,703,703
Precinct,11,92,232,324,324
Precinct,12,68,177,245,245
Precinct,13,100,407,507,507
Precinct,14,139,330,469,469
Precinct,15,85,426,511,511
Precinct,16,91,134,225,225
Precinct,17,78,203,281,281
Precinct,18,44,271,315,315
Precinct,19,67,383,450,450
Precinct,20,120,437,557,557
Precinct,21,33,225,258,258
Precinct,22,102,436,538,538
Precinct,23,88,306,394,394
Precinct,24,74,344,418,418
Precinct,25,70,363,433,433
Precinct,26,93,394,487,487
Precinct,27,99,537,636,636
Precinct,28,87,253,340,340
Precinct,29,108,394,502,502
Precinct,30,67,239,306,306
Precinct,31,145,379,524,524
Precinct,32,110,327,437,437
Precinct,33,115,344,459,459
Precinct,34,62,109,171,171
Precinct,35,62,120,182,182
Precinct,36,120,219,339,339
Precinct,37,87,393,480,480
Precinct,38,68,306,374,374
Precinct,39,50,261,311,311
Precinct,40,129,344,473,473
Precinct,41,127,356,483,483
Precinct,42,88,331,419,419
Precinct,43,152,417,569,569
Precinct,44,107,285,392,392
Precinct,50,29,126,155,155
Precinct,51,74,127,201,201
Precinct,52,82,161,243,243
Precinct,53,139,128,267,267
Precinct,54,68,134,202,202
Precinct,55,56,92,148,148
Precinct,56,35,299,334,334
Precinct,57,76,456,532,532
Precinct,58,81,50,131,131
Precinct,59,29,45,74,74
Precinct,61,135,208,343,343
Precinct,62,31,211,242,242
Precinct,71,88,394,482,482
Precinct,72,82,519,601,601
Precinct,73,69,353,422,422
Precinct,74,27,241,268,268
Precinct,Voter Privacy,*,*,*,1
County,Lincoln,3270,6706,9976,9976
Precinct,1,47,170,217,217
Precinct,2,112,98,210,210
Precinct,3,133,348,481,481
Precinct,4,129,310,439,439
Precinct,5,109,310,419,419
Precinct,6,265,436,701,701
Precinct,7,162,259,421,421
Precinct,8,94,178,272,272
Precinct,9,165,267,432,432
Precinct,10,84,141,225,225
Precinct,11,197,313,510,510
Precinct,12,88,272,360,360
Precinct,13,142,195,337,337
Precinct,14,142,402,544,544
Precinct,15,61,177,238,238
Precinct,16,51,85,136,136
Precinct,17,81,272,353,353
Precinct,18,72,96,168,168
Precinct,19,44,166,210,210
Precinct,20,89,169,258,258
Precinct,21,194,357,551,551
Precinct,22,53,107,160,160
Precinct,23,44,119,163,163
Precinct,24,147,199,346,346
Precinct,25,196,254,450,450
Precinct,26,165,471,636,636
Precinct,27,38,159,197,197
Precinct,28,15,78,93,93
Precinct,29,151,298,449,449
Precinct,Voter Privacy,0,0,0,0
County,Los Alamos,7761,4365,12126,12126
Precinct,1,394,255,649,649
Precinct,2,316,261,577,577
Precinct,3,311,194,505,505
Precinct,4,265,191,456,456
Precinct,5,245,177,422,422
Precinct,6,192,124,316,316
Precinct,7,320,252,572,572
Precinct,8,347,216,563,563
Precinct,9,417,235,652,652
Precinct,10,335,137,472,472
Precinct,11,359,192,551,551
Precinct,12,126,87,213,213
Precinct,13,388,278,666,666
Precinct,14,422,193,615,615
Precinct,15,377,155,532,532
Precinct,16,433,215,648,648
Precinct,17,450,213,663,663
Precinct,18,242,99,341,341
Precinct,19,330,143,473,473
Precinct,20,240,100,340,340
Precinct,21,332,178,510,510
Precinct,22,481,234,715,715
Precinct,23,439,236,675,675
Precinct,Voter Privacy,0,0,0,0
County,Luna,3547,4205,7752,7752
Precinct,1,105,124,229,229
Precinct,2,222,351,573,573
Precinct,3,191,264,455,455
Precinct,4,246,188,434,434
Precinct,5,177,222,399,399
Precinct,6,270,229,499,499
Precinct,7,211,212,423,423
Precinct,8,287,210,497,497
Precinct,9,263,270,533,533
Precinct,10,152,207,359,359
Precinct,11,222,196,418,418
Precinct,12,281,239,520,520
Precinct,13,229,405,634,634
Precinct,14,242,357,599,599
Precinct,15,56,60,116,116
Precinct,16,161,293,454,454
Precinct,17,142,193,335,335
Precinct,18,90,185,275,275
Precinct,Voter Privacy,0,0,0,0
County,McKinley,17064,8195,25259,25259
Precinct,1,384,124,508,508
Precinct,2,131,76,207,207
Precinct,3,80,36,116,116
Precinct,4,290,107,397,397
Precinct,5,469,162,631,631
Precinct,6,435,146,581,581
Precinct,7,429,145,574,574
Precinct,8,205,69,274,274
Precinct,9,407,139,546,546
Precinct,10,369,116,485,485
Precinct,11,101,57,158,158
Precinct,12,46,16,62,62
Precinct,13,157,67,224,224
Precinct,14,348,238,586,586
Precinct,15,276,126,402,402
Precinct,16,330,158,488,488
Precinct,17,334,274,608,608
Precinct,18,107,45,152,152
Precinct,19,482,214,696,696
Precinct,20,416,216,632,632
Precinct,21,312,176,488,488
Precinct,22,176,90,266,266
Precinct,23,360,151,511,511
Precinct,24,358,197,555,555
Precinct,25,330,135,465,465
Precinct,26,132,229,361,361
Precinct,27,358,29,387,387
Precinct,28,350,49,399,399
Precinct,29,429,46,475,475
Precinct,30,337,56,393,393
Precinct,31,276,199,475,475
Precinct,32,144,73,217,217
Precinct,33,372,178,550,550
Precinct,34,145,87,232,232
Precinct,35,171,94,265,265
Precinct,36,72,29,101,101
Precinct,37,79,35,114,114
Precinct,38,138,78,216,216
Precinct,39,188,147,335,335
Precinct,40,125,84,209,209
Precinct,41,239,126,365,365
Precinct,42,99,69,168,168
Precinct,43,340,275,615,615
Precinct,44,131,133,264,264
Precinct,45,202,179,381,381
Precinct,46,231,192,423,423
Precinct,47,137,68,205,205
Precinct,48,284,147,431,431
Precinct,49,191,126,317,317
Precinct,50,78,68,146,146
Precinct,51,197,69,266,266
Precinct,52,77,119,196,196
Precinct,53,336,114,450,450
Precinct,54,367,196,563,563
Precinct,55,270,96,366,366
Precinct,56,214,198,412,412
Precinct,57,232,124,356,356
Precinct,58,272,210,482,482
Precinct,59,109,86,195,195
Precinct,60,140,62,202,202
Precinct,61,136,46,182,182
Precinct,62,148,63,211,211
Precinct,63,205,113,318,318
Precinct,64,404,57,461,461
Precinct,65,240,160,400,400
Precinct,66,337,38,375,375
Precinct,67,73,13,86,86
Precinct,68,221,76,297,297
Precinct,69,148,81,229,229
Precinct,70,269,167,436,436
Precinct,71,89,31,120,120
Precinct,Voter Privacy,0,0,0,0
County,Mora,1532,866,2398,2398
Precinct,1,285,156,441,441
Precinct,2,269,132,401,401
Precinct,3,140,115,255,255
Precinct,4,132,68,200,200
Precinct,5,150,65,215,215
Precinct,6,70,47,117,117
Precinct,7,99,49,148,148
Precinct,8,154,88,242,242
Precinct,9,48,37,85,85
Precinct,10,82,50,132,132
Precinct,11,103,59,162,162
Precinct,Voter Privacy,0,0,0,0
County,Otero,9229,14147,23376,23376
Precinct,1,74,77,151,151
Precinct,2,5,15,20,20
Precinct,3,*,23,23,23
Precinct,4,*,49,49,49
Precinct,5,60,187,247,247
Precinct,6,12,111,123,123
Precinct,7,41,227,268,268
Precinct,8,239,433,672,672
Precinct,9,192,378,570,570
Precinct,10,129,342,471,471
Precinct,11,226,93,319,319
Precinct,12,254,478,732,732
Precinct,13,242,273,515,515
Precinct,14,184,245,429,429
Precinct,15,154,412,566,566
Precinct,16,52,96,148,148
Precinct,17,174,297,471,471
Precinct,18,95,262,357,357
Precinct,19,137,67,204,204
Precinct,20,105,95,200,200
Precinct,21,178,394,572,572
Precinct,22,120,152,272,272
Precinct,23,162,178,340,340
Precinct,24,204,324,528,528
Precinct,25,188,322,510,510
Precinct,26,180,218,398,398
Precinct,27,200,308,508,508
Precinct,28,89,222,311,311
Precinct,29,171,246,417,417
Precinct,30,163,170,333,333
Precinct,31,152,150,302,302
Precinct,32,178,154,332,332
Precinct,33,204,192,396,396
Precinct,34,115,187,302,302
Precinct,35,123,282,405,405
Precinct,36,312,424,736,736
Precinct,37,165,199,364,364
Precinct,38,52,79,131,131
Precinct,39,186,312,498,498
Precinct,40,159,277,436,436
Precinct,41,101,88,189,189
Precinct,42,159,133,292,292
Precinct,43,72,57,129,129
Precinct,44,124,95,219,219
Precinct,45,92,64,156,156
Precinct,46,128,77,205,205
Precinct,47,191,157,348,348
Precinct,48,234,255,489,489
Precinct,49,212,496,708,708
Precinct,50,205,173,378,378
Precinct,51,228,320,548,548
Precinct,52,125,297,422,422
Precinct,53,149,261,410,410
Precinct,54,147,311,458,458
Precinct,55,132,420,552,552
Precinct,56,207,91,298,298
Precinct,57,149,413,562,562
Precinct,58,8,51,59,59
Precinct,59,100,152,252,252
Precinct,60,109,223,332,332
Precinct,61,105,194,299,299
Precinct,62,173,263,436,436
Precinct,63,129,194,323,323
Precinct,64,119,133,252,252
Precinct,65,133,249,382,382
Precinct,66,19,30,49,49
Precinct,Voter Privacy,*,*,*,3
County,Quay,1174,2406,3580,3580
Precinct,1,10,93,103,103
Precinct,2,*,58,58,58
Precinct,3,47,185,232,232
Precinct,4,*,71,71,71
Precinct,5,121,543,664,664
Precinct,6,63,257,320,320
Precinct,7,211,168,379,379
Precinct,8,91,103,194,194
Precinct,9,212,270,482,482
Precinct,10,117,97,214,214
Precinct,11,192,327,519,519
Precinct,12,102,234,336,336
Precinct,Voter Privacy,8,0,8,8
County,Rio Arriba,10035,5524,15559,15559
Precinct,1,364,119,483,483
Precinct,2,209,65,274,274
Precinct,3,54,34,88,88
Precinct,4,353,274,627,627
Precinct,5,*,*,0,0
Precinct,10,151,124,275,275
Precinct,11,211,178,389,389
Precinct,12,45,22,67,67
Precinct,13,49,21,70,70
Precinct,14,20,8,28,28
Precinct,21,10,7,17,17
Precinct,22,29,113,142,142
Precinct,23,63,103,166,166
Precinct,24,115,103,218,218
Precinct,25,113,78,191,191
Precinct,26,305,145,450,450
Precinct,27,336,122,458,458
Precinct,28,83,43,126,126
Precinct,35,26,27,53,53
Precinct,36,234,236,470,470
Precinct,37,314,196,510,510
Precinct,38,475,285,760,760
Precinct,39,159,119,278,278
Precinct,40,110,67,177,177
Precinct,45,307,170,477,477
Precinct,46,86,39,125,125
Precinct,47,174,73,247,247
Precinct,48,329,92,421,421
Precinct,49,137,27,164,164
Precinct,56,270,115,385,385
Precinct,57,382,150,532,532
Precinct,58,197,140,337,337
Precinct,59,467,93,560,560
Precinct,60,391,92,483,483
Precinct,61,160,106,266,266
Precinct,62,132,65,197,197
Precinct,63,365,224,589,589
Precinct,64,307,201,508,508
Precinct,65,313,151,464,464
Precinct,66,200,163,363,363
Precinct,67,289,205,494,494
Precinct,68,259,162,421,421
Precinct,69,434,268,702,702
Precinct,70,372,247,619,619
Precinct,71,242,108,350,350
Precinct,72,95,44,139,139
Precinct,73,184,83,267,267
Precinct,74,112,17,129,129
Precinct,Voter Privacy,*,*,*,3
County,Roosevelt,1951,4559,6510,6510
Precinct,1,108,202,310,310
Precinct,2,145,356,501,501
Precinct,3,6,41,47,47
Precinct,4,28,199,227,227
Precinct,5,20,183,203,203
Precinct,6,16,239,255,255
Precinct,7,81,99,180,180
Precinct,8,190,153,343,343
Precinct,9,138,272,410,410
Precinct,10,111,175,286,286
Precinct,11,67,221,288,288
Precinct,12,161,237,398,398
Precinct,13,65,86,151,151
Precinct,14,187,285,472,472
Precinct,15,73,147,220,220
Precinct,16,60,121,181,181
Precinct,17,83,284,367,367
Precinct,18,86,378,464,464
Precinct,19,98,305,403,403
Precinct,20,113,291,404,404
Precinct,21,115,285,400,400
Precinct,Voter Privacy,0,0,0,0
County,San Juan,19078,32417,51495,51495
Precinct,1,362,183,545,545
Precinct,2,432,174,606,606
Precinct,3,364,194,558,558
Precinct,4,456,200,656,656
Precinct,5,401,217,618,618
Precinct,6,165,98,263,263
Precinct,7,209,65,274,274
Precinct,8,267,102,369,369
Precinct,9,146,42,188,188
Precinct,10,270,115,385,385
Precinct,11,236,104,340,340
Precinct,12,207,65,272,272
Precinct,13,380,114,494,494
Precinct,14,134,53,187,187
Precinct,15,166,138,304,304
Precinct,16,264,292,556,556
Precinct,17,86,47,133,133
Precinct,18,334,286,620,620
Precinct,19,131,95,226,226
Precinct,20,290,215,505,505
Precinct,21,277,423,700,700
Precinct,22,287,373,660,660
Precinct,23,222,384,606,606
Precinct,24,130,264,394,394
Precinct,25,157,363,520,520
Precinct,26,201,236,437,437
Precinct,27,306,390,696,696
Precinct,28,175,327,502,502
Precinct,29,153,199,352,352
Precinct,30,217,546,763,763
Precinct,31,100,312,412,412
Precinct,32,112,177,289,289
Precinct,33,203,328,531,531
Precinct,34,189,217,406,406
Precinct,35,155,255,410,410
Precinct,36,142,289,431,431
Precinct,37,160,287,447,447
Precinct,38,244,522,766,766
Precinct,39,205,545,750,750
Precinct,40,213,406,619,619
Precinct,41,166,548,714,714
Precinct,42,159,529,688,688
Precinct,43,165,369,534,534
Precinct,44,227,417,644,644
Precinct,45,260,395,655,655
Precinct,46,207,468,675,675
Precinct,47,123,379,502,502
Precinct,48,86,305,391,391
Precinct,49,205,521,726,726
Precinct,50,296,471,767,767
Precinct,51,222,392,614,614
Precinct,52,92,247,339,339
Precinct,53,142,245,387,387
Precinct,54,127,283,410,410
Precinct,55,158,482,640,640
Precinct,56,154,427,581,581
Precinct,57,168,656,824,824
Precinct,58,119,448,567,567
Precinct,59,145,529,674,674
Precinct,60,141,590,731,731
Precinct,61,173,615,788,788
Precinct,62,199,385,584,584
Precinct,63,177,374,551,551
Precinct,64,162,399,561,561
Precinct,65,145,463,608,608
Precinct,66,163,350,513,513
Precinct,67,226,562,788,788
Precinct,68,194,453,647,647
Precinct,69,175,557,732,732
Precinct,70,156,463,619,619
Precinct,71,68,307,375,375
Precinct,72,190,475,665,665
Precinct,73,122,377,499,499
Precinct,74,172,484,656,656
Precinct,75,125,313,438,438
Precinct,76,174,531,705,705
Precinct,77,87,301,388,388
Precinct,78,109,434,543,543
Precinct,79,103,317,420,420
Precinct,80,117,247,364,364
Precinct,81,180,365,545,545
Precinct,82,70,263,333,333
Precinct,83,71,82,153,153
Precinct,90,119,350,469,469
Precinct,99,82,327,409,409
Precinct,100,131,256,387,387
Precinct,101,119,224,343,343
Precinct,102,66,238,304,304
Precinct,103,151,597,748,748
Precinct,104,172,325,497,497
Precinct,105,140,375,515,515
Precinct,106,149,298,447,447
Precinct,107,233,504,737,737
Precinct,108,104,348,452,452
Precinct,109,141,140,281,281
Precinct,110,206,188,394,394
Precinct,120,279,188,467,467
Precinct,121,189,160,349,349
Precinct,130,125,78,203,203
Precinct,131,250,112,362,362
Precinct,132,165,73,238,238
Precinct,133,277,114,391,391
Precinct,134,112,62,174,174
Precinct,Voter Privacy,0,0,0,0
County,San Miguel,7447,3427,10874,10874
Precinct,1,223,56,279,279
Precinct,2,311,93,404,404
Precinct,3,296,70,366,366
Precinct,4,262,159,421,421
Precinct,5,194,96,290,290
Precinct,6,131,84,215,215
Precinct,7,196,116,312,312
Precinct,8,425,120,545,545
Precinct,9,159,110,269,269
Precinct,10,237,122,359,359
Precinct,11,121,56,177,177
Precinct,12,281,148,429,429
Precinct,13,135,60,195,195
Precinct,14,13,30,43,43
Precinct,15,46,108,154,154
Precinct,16,361,229,590,590
Precinct,17,31,8,39,39
Precinct,18,176,64,240,240
Precinct,19,317,115,432,432
Precinct,20,40,24,64,64
Precinct,21,248,107,355,355
Precinct,22,174,90,264,264
Precinct,23,506,300,806,806
Precinct,24,250,106,356,356
Precinct,25,219,77,296,296
Precinct,26,484,155,639,639
Precinct,27,400,175,575,575
Precinct,28,281,143,424,424
Precinct,29,252,85,337,337
Precinct,30,159,57,216,216
Precinct,31,195,99,294,294
Precinct,32,58,45,103,103
Precinct,33,11,21,32,32
Precinct,34,255,99,354,354
Precinct,Voter Privacy,0,0,0,0
County,Sandoval,42473,35959,78432,78432
Precinct,1,288,208,496,496
Precinct,2,235,135,370,370
Precinct,3,313,185,498,498
Precinct,4,236,132,368,368
Precinct,5,251,136,387,387
Precinct,6,247,151,398,398
Precinct,7,188,108,296,296
Precinct,8,262,21,283,283
Precinct,9,253,24,277,277
Precinct,10,273,28,301,301
Precinct,11,342,231,573,573
Precinct,12,270,201,471,471
Precinct,13,270,148,418,418
Precinct,14,239,27,266,266
Precinct,15,332,39,371,371
Precinct,16,84,93,177,177
Precinct,17,113,114,227,227
Precinct,18,211,135,346,346
Precinct,19,214,25,239,239
Precinct,20,363,65,428,428
Precinct,21,129,126,255,255
Precinct,22,147,136,283,283
Precinct,23,93,146,239,239
Precinct,24,179,90,269,269
Precinct,25,417,129,546,546
Precinct,26,177,83,260,260
Precinct,27,59,51,110,110
Precinct,28,366,346,712,712
Precinct,29,236,32,268,268
Precinct,30,348,355,703,703
Precinct,31,269,297,566,566
Precinct,32,221,245,466,466
Precinct,33,264,188,452,452
Precinct,34,311,288,599,599
Precinct,35,181,179,360,360
Precinct,36,190,216,406,406
Precinct,37,228,275,503,503
Precinct,38,298,260,558,558
Precinct,39,329,388,717,717
Precinct,40,264,257,521,521
Precinct,41,353,366,719,719
Precinct,42,331,370,701,701
Precinct,43,366,335,701,701
Precinct,44,240,290,530,530
Precinct,45,256,237,493,493
Precinct,46,376,351,727,727
Precinct,47,233,246,479,479
Precinct,48,314,311,625,625
Precinct,49,303,388,691,691
Precinct,50,345,342,687,687
Precinct,51,*,*,0,0
Precinct,52,182,143,325,325
Precinct,53,415,301,716,716
Precinct,54,197,114,311,311
Precinct,55,252,116,368,368
Precinct,56,388,241,629,629
Precinct,57,316,297,613,613
Precinct,58,344,353,697,697
Precinct,59,223,165,388,388
Precinct,60,271,297,568,568
Precinct,61,362,289,651,651
Precinct,62,268,248,516,516
Precinct,63,420,458,878,878
Precinct,64,264,311,575,575
Precinct,65,227,192,419,419
Precinct,66,370,347,717,717
Precinct,67,240,201,441,441
Precinct,68,331,389,720,720
Precinct,69,254,228,482,482
Precinct,70,392,372,764,764
Precinct,71,269,254,523,523
Precinct,72,188,249,437,437
Precinct,73,296,413,709,709
Precinct,74,199,179,378,378
Precinct,75,620,503,1123,1123
Precinct,76,504,207,711,711
Precinct,77,379,44,423,423
Precinct,78,89,119,208,208
Precinct,79,86,121,207,207
Precinct,80,673,604,1277,1277
Precinct,81,341,236,577,577
Precinct,82,509,426,935,935
Precinct,83,246,306,552,552
Precinct,84,219,200,419,419
Precinct,85,178,227,405,405
Precinct,86,335,324,659,659
Precinct,87,317,204,521,521
Precinct,88,327,180,507,507
Precinct,89,397,197,594,594
Precinct,90,239,135,374,374
Precinct,91,317,38,355,355
Precinct,92,309,153,462,462
Precinct,93,369,305,674,674
Precinct,94,380,210,590,590
Precinct,95,207,35,242,242
Precinct,96,239,316,555,555
Precinct,97,243,315,558,558
Precinct,98,225,182,407,407
Precinct,99,226,186,412,412
Precinct,100,237,236,473,473
Precinct,101,271,317,588,588
Precinct,102,177,210,387,387
Precinct,103,323,299,622,622
Precinct,104,290,311,601,601
Precinct,105,185,166,351,351
Precinct,106,196,206,402,402
Precinct,107,272,267,539,539
Precinct,108,239,253,492,492
Precinct,109,279,335,614,614
Precinct,110,328,394,722,722
Precinct,111,337,367,704,704
Precinct,112,343,271,614,614
Precinct,113,346,228,574,574
Precinct,114,459,230,689,689
Precinct,115,254,378,632,632
Precinct,116,270,298,568,568
Precinct,117,152,138,290,290
Precinct,118,295,241,536,536
Precinct,119,295,290,585,585
Precinct,120,250,183,433,433
Precinct,121,186,179,365,365
Precinct,122,241,282,523,523
Precinct,123,364,349,713,713
Precinct,124,282,272,554,554
Precinct,125,306,322,628,628
Precinct,126,169,171,340,340
Precinct,127,279,307,586,586
Precinct,128,304,288,592,592
Precinct,129,280,361,641,641
Precinct,130,272,215,487,487
Precinct,131,198,173,371,371
Precinct,132,312,215,527,527
Precinct,133,295,141,436,436
Precinct,134,309,383,692,692
Precinct,135,288,225,513,513
Precinct,136,275,268,543,543
Precinct,137,252,263,515,515
Precinct,138,362,478,840,840
Precinct,139,308,267,575,575
Precinct,140,196,160,356,356
Precinct,141,210,205,415,415
Precinct,142,160,176,336,336
Precinct,143,303,405,708,708
Precinct,144,167,159,326,326
Precinct,145,156,153,309,309
Precinct,146,164,119,283,283
Precinct,147,221,221,442,442
Precinct,148,182,173,355,355
Precinct,149,315,267,582,582
Precinct,150,370,276,646,646
Precinct,151,51,73,124,124
Precinct,152,120,125,245,245
Precinct,153,184,105,289,289
Precinct,154,228,176,404,404
Precinct,155,283,282,565,565
Precinct,156,394,352,746,746
Precinct,157,240,296,536,536
Precinct,Voter Privacy,0,0,0,0
County,Santa Fe,62312,20183,82495,82495
Precinct,1,288,140,428,428
Precinct,2,128,55,183,183
Precinct,3,275,95,370,370
Precinct,4,186,64,250,250
Precinct,5,434,179,613,613
Precinct,6,153,12,165,165
Precinct,7,308,94,402,402
Precinct,8,452,74,526,526
Precinct,9,441,87,528,528
Precinct,10,424,127,551,551
Precinct,11,420,66,486,486
Precinct,12,434,162,596,596
Precinct,13,400,160,560,560
Precinct,14,129,70,199,199
Precinct,15,116,220,336,336
Precinct,16,123,157,280,280
Precinct,17,269,78,347,347
Precinct,18,98,224,322,322
Precinct,19,87,103,190,190
Precinct,20,419,45,464,464
Precinct,21,339,40,379,379
Precinct,22,444,83,527,527
Precinct,23,427,187,614,614
Precinct,24,260,72,332,332
Precinct,25,443,65,508,508
Precinct,26,307,43,350,350
Precinct,27,350,57,407,407
Precinct,28,460,61,521,521
Precinct,29,493,117,610,610
Precinct,30,473,84,557,557
Precinct,31,239,78,317,317
Precinct,32,517,122,639,639
Precinct,33,207,53,260,260
Precinct,34,439,81,520,520
Precinct,35,205,34,239,239
Precinct,36,386,47,433,433
Precinct,37,311,97,408,408
Precinct,38,549,114,663,663
Precinct,39,336,126,462,462
Precinct,40,225,41,266,266
Precinct,41,254,65,319,319
Precinct,42,471,69,540,540
Precinct,43,513,61,574,574
Precinct,44,363,40,403,403
Precinct,45,372,74,446,446
Precinct,46,289,67,356,356
Precinct,47,389,39,428,428
Precinct,48,344,41,385,385
Precinct,49,443,132,575,575
Precinct,50,586,117,703,703
Precinct,51,229,52,281,281
Precinct,52,302,105,407,407
Precinct,53,342,92,434,434
Precinct,54,511,109,620,620
Precinct,55,581,129,710,710
Precinct,56,725,242,967,967
Precinct,57,461,198,659,659
Precinct,58,362,197,559,559
Precinct,59,480,215,695,695
Precinct,60,170,105,275,275
Precinct,61,303,138,441,441
Precinct,62,223,126,349,349
Precinct,63,360,117,477,477
Precinct,64,204,50,254,254
Precinct,65,442,69,511,511
Precinct,66,304,106,410,410
Precinct,67,143,55,198,198
Precinct,68,333,71,404,404
Precinct,69,495,86,581,581
Precinct,70,518,216,734,734
Precinct,71,207,41,248,248
Precinct,72,475,93,568,568
Precinct,73,295,421,716,716
Precinct,74,525,136,661,661
Precinct,75,302,104,406,406
Precinct,76,594,147,741,741
Precinct,77,464,76,540,540
Precinct,78,424,77,501,501
Precinct,79,261,157,418,418
Precinct,80,326,150,476,476
Precinct,81,464,163,627,627
Precinct,82,454,315,769,769
Precinct,83,459,130,589,589
Precinct,84,262,440,702,702
Precinct,85,201,473,674,674
Precinct,86,345,115,460,460
Precinct,87,156,78,234,234
Precinct,88,351,186,537,537
Precinct,89,500,205,705,705
Precinct,90,413,166,579,579
Precinct,91,355,84,439,439
Precinct,92,548,167,715,715
Precinct,93,357,151,508,508
Precinct,94,402,104,506,506
Precinct,95,331,42,373,373
Precinct,96,181,50,231,231
Precinct,97,434,67,501,501
Precinct,98,374,65,439,439
Precinct,99,415,126,541,541
Precinct,100,334,45,379,379
Precinct,101,393,83,476,476
Precinct,102,455,97,552,552
Precinct,103,503,106,609,609
Precinct,104,638,82,720,720
Precinct,105,444,142,586,586
Precinct,106,321,141,462,462
Precinct,107,530,102,632,632
Precinct,108,264,88,352,352
Precinct,109,294,106,400,400
Precinct,110,532,80,612,612
Precinct,111,394,74,468,468
Precinct,112,305,176,481,481
Precinct,113,466,99,565,565
Precinct,114,443,104,547,547
Precinct,115,248,377,625,625
Precinct,116,285,96,381,381
Precinct,117,395,106,501,501
Precinct,118,267,142,409,409
Precinct,119,272,45,317,317
Precinct,120,310,73,383,383
Precinct,121,358,62,420,420
Precinct,122,270,40,310,310
Precinct,123,258,52,310,310
Precinct,124,277,75,352,352
Precinct,125,224,434,658,658
Precinct,126,247,110,357,357
Precinct,127,246,40,286,286
Precinct,128,336,133,469,469
Precinct,129,381,87,468,468
Precinct,130,436,56,492,492
Precinct,131,344,75,419,419
Precinct,132,347,71,418,418
Precinct,133,247,103,350,350
Precinct,134,574,104,678,678
Precinct,135,345,144,489,489
Precinct,136,242,69,311,311
Precinct,137,241,88,329,329
Precinct,138,274,112,386,386
Precinct,139,460,103,563,563
Precinct,140,191,103,294,294
Precinct,141,194,54,248,248
Precinct,142,417,68,485,485
Precinct,143,271,73,344,344
Precinct,144,342,125,467,467
Precinct,145,130,52,182,182
Precinct,146,437,156,593,593
Precinct,147,572,180,752,752
Precinct,148,229,383,612,612
Precinct,149,311,127,438,438
Precinct,150,327,107,434,434
Precinct,151,620,241,861,861
Precinct,152,326,85,411,411
Precinct,153,591,177,768,768
Precinct,154,348,145,493,493
Precinct,155,226,30,256,256
Precinct,156,176,216,392,392
Precinct,157,152,413,565,565
Precinct,158,311,34,345,345
Precinct,159,385,53,438,438
Precinct,160,437,82,519,519
Precinct,161,316,46,362,362
Precinct,162,386,40,426,426
Precinct,163,197,44,241,241
Precinct,164,208,41,249,249
Precinct,165,280,59,339,339
Precinct,166,425,103,528,528
Precinct,167,362,106,468,468
Precinct,168,370,56,426,426
Precinct,169,115,21,136,136
Precinct,170,308,128,436,436
Precinct,171,253,55,308,308
Precinct,172,364,65,429,429
Precinct,173,376,106,482,482
Precinct,174,374,184,558,558
Precinct,175,453,111,564,564
Precinct,176,284,104,388,388
Precinct,177,315,77,392,392
Precinct,178,262,45,307,307
Precinct,179,90,40,130,130
Precinct,Voter Privacy,0,0,0,0
County,Sierra,2553,3269,5822,5822
Precinct,1,325,389,714,714
Precinct,2,274,564,838,838
Precinct,3,66,178,244,244
Precinct,4,136,268,404,404
Precinct,5,109,228,337,337
Precinct,6,141,46,187,187
Precinct,7,304,232,536,536
Precinct,8,262,289,551,551
Precinct,9,23,67,90,90
Precinct,10,166,335,501,501
Precinct,11,296,290,586,586
Precinct,12,451,383,834,834
Precinct,Voter Privacy,0,0,0,0
County,Socorro,3704,3365,7069,7069
Precinct,1,244,156,400,400
Precinct,2,279,167,446,446
Precinct,3,423,224,647,647
Precinct,4,105,98,203,203
Precinct,5,103,94,197,197
Precinct,6,171,141,312,312
Precinct,7,55,27,82,82
Precinct,8,370,283,653,653
Precinct,9,20,41,61,61
Precinct,10,72,43,115,115
Precinct,11,185,303,488,488
Precinct,12,5,20,25,25
Precinct,13,206,259,465,465
Precinct,14,77,153,230,230
Precinct,15,337,130,467,467
Precinct,16,31,45,76,76
Precinct,17,32,36,68,68
Precinct,18,275,222,497,497
Precinct,19,174,198,372,372
Precinct,20,116,130,246,246
Precinct,21,22,31,53,53
Precinct,22,25,37,62,62
Precinct,23,38,57,95,95
Precinct,24,99,115,214,214
Precinct,25,42,49,91,91
Precinct,26,18,25,43,43
Precinct,27,180,281,461,461
Precinct,Voter Privacy,0,0,0,0
County,Taos,12457,3849,16306,16306
Precinct,1,274,113,387,387
Precinct,2,97,35,132,132
Precinct,3,61,41,102,102
Precinct,4,264,128,392,392
Precinct,5,219,108,327,327
Precinct,6,278,172,450,450
Precinct,7,125,221,346,346
Precinct,8,201,37,238,238
Precinct,9,612,128,740,740
Precinct,10,268,61,329,329
Precinct,11,282,65,347,347
Precinct,12,513,99,612,612
Precinct,13,420,41,461,461
Precinct,14,315,101,416,416
Precinct,15,490,78,568,568
Precinct,16,423,105,528,528
Precinct,17,463,156,619,619
Precinct,18,399,120,519,519
Precinct,19,358,110,468,468
Precinct,20,380,118,498,498
Precinct,21,248,74,322,322
Precinct,22,59,17,76,76
Precinct,23,57,14,71,71
Precinct,24,76,64,140,140
Precinct,25,69,58,127,127
Precinct,26,42,33,75,75
Precinct,27,160,65,225,225
Precinct,28,174,70,244,244
Precinct,29,81,38,119,119
Precinct,30,39,9,48,48
Precinct,31,26,11,37,37
Precinct,32,111,30,141,141
Precinct,33,77,34,111,111
Precinct,34,399,118,517,517
Precinct,35,279,72,351,351
Precinct,36,57,*,57,57
Precinct,37,641,164,805,805
Precinct,38,378,75,453,453
Precinct,39,377,133,510,510
Precinct,40,356,94,450,450
Precinct,41,392,128,520,520
Precinct,42,411,91,502,502
Precinct,43,316,73,389,389
Precinct,44,442,114,556,556
Precinct,45,293,74,367,367
Precinct,46,58,28,86,86
Precinct,47,397,127,524,524
Precinct,Voter Privacy,*,*,*,4
County,Torrance,2454,4601,7055,7055
Precinct,1,166,316,482,482
Precinct,2,66,167,233,233
Precinct,3,117,135,252,252
Precinct,4,60,110,170,170
Precinct,5,216,331,547,547
Precinct,6,149,302,451,451
Precinct,7,169,418,587,587
Precinct,8,42,81,123,123
Precinct,9,199,299,498,498
Precinct,10,113,202,315,315
Precinct,11,26,52,78,78
Precinct,12,15,53,68,68
Precinct,13,200,437,637,637
Precinct,14,14,62,76,76
Precinct,15,99,197,296,296
Precinct,16,127,219,346,346
Precinct,17,144,248,392,392
Precinct,18,124,219,343,343
Precinct,19,93,213,306,306
Precinct,20,78,147,225,225
Precinct,21,134,200,334,334
Precinct,22,103,193,296,296
Precinct,Voter Privacy,0,0,0,0
County,Union,397,1231,1628,1628
Precinct,1,63,212,275,275
Precinct,4,115,363,478,478
Precinct,6,124,304,428,428
Precinct,7,80,206,286,286
Precinct,8,9,81,90,90
Precinct,9,6,65,71,71
Precinct,Voter Privacy,0,0,0,0
County,Valencia,14810,17857,32667,32667
Precinct,1,104,112,216,216
Precinct,2,183,179,362,362
Precinct,3,270,283,553,553
Precinct,4,216,275,491,491
Precinct,5,243,327,570,570
Precinct,6,229,269,498,498
Precinct,7,299,443,742,742
Precinct,8,187,217,404,404
Precinct,9,232,369,601,601
Precinct,10,201,298,499,499
Precinct,11,195,436,631,631
Precinct,12,260,393,653,653
Precinct,13,250,87,337,337
Precinct,14,307,368,675,675
Precinct,15,185,238,423,423
Precinct,16,183,160,343,343
Precinct,17,317,345,662,662
Precinct,18,251,374,625,625
Precinct,19,185,345,530,530
Precinct,20,82,129,211,211
Precinct,21,339,289,628,628
Precinct,22,276,328,604,604
Precinct,23,278,236,514,514
Precinct,24,108,52,160,160
Precinct,25,190,187,377,377
Precinct,26,154,135,289,289
Precinct,27,306,374,680,680
Precinct,28,181,132,313,313
Precinct,29,228,236,464,464
Precinct,30,224,342,566,566
Precinct,31,196,255,451,451
Precinct,32,204,265,469,469
Precinct,33,149,163,312,312
Precinct,34,125,164,289,289
Precinct,35,182,282,464,464
Precinct,36,146,207,353,353
Precinct,37,198,226,424,424
Precinct,38,304,394,698,698
Precinct,39,458,392,850,850
Precinct,40,176,199,375,375
Precinct,41,288,256,544,544
Precinct,42,459,603,1062,1062
Precinct,43,236,265,501,501
Precinct,44,194,204,398,398
Precinct,45,206,228,434,434
Precinct,46,181,281,462,462
Precinct,47,323,356,679,679
Precinct,48,338,370,708,708
Precinct,49,174,242,416,416
Precinct,50,97,76,173,173
Precinct,51,179,201,380,380
Precinct,52,188,272,460,460
Precinct,53,167,270,437,437
Precinct,54,223,257,480,480
Precinct,55,367,398,765,765
Precinct,56,232,173,405,405
Precinct,57,302,445,747,747
Precinct,58,289,380,669,669
Precinct,59,174,253,427,427
Precinct,60,258,343,601,601
Precinct,61,203,319,522,522
Precinct,62,289,285,574,574
Precinct,63,92,175,267,267
Precinct,64,202,266,468,468
Precinct,65,220,290,510,510
Precinct,66,128,144,272,272
Precinct,Voter Privacy,0,0,0,0
