,,Kamala D. Harris and Timothy Walz,Donald J. Trump and JD Vance,"Robert F. Kennedy, Jr and Nicole Shanahan",Jill Stein and Rudolph Ware,Chase Oliver and Mike Ter Maat,Claudia De La Cruz and Karina Garcia,Laura Ebke and Trisha Butler,Total Votes Cast,Total Ballots Cast
,,Democratic,Republican,Independent,Green,Libertarian,Party for Socialism and Liberation,Liberal Party USA,,
State,New Mexico,478802,423391,9553,4611,3745,2442,859,923403,923403
County,Bernalillo,184117,118762,3006,2050,1506,1126,277,310844,310844
Precinct,1,217,141,*,*,*,*,*,358,358
Precinct,2,388,276,9,*,*,*,*,673,673
Precinct,3,157,178,5,*,*,*,*,340,340
Precinct,4,379,200,8,*,*,*,*,587,587
Precinct,5,315,154,*,*,*,*,*,469,469
Precinct,6,349,241,8,*,*,*,*,598,598
Precinct,7,340,184,*,*,*,*,*,524,524
Precinct,8,186,118,5,*,8,*,*,317,317
Precinct,9,401,317,8,6,*,*,*,732,732
Precinct,10,308,201,9,*,*,*,*,518,518
Precinct,11,379,134,8,*,*,*,*,521,521
Precinct,12,275,121,*,5,*,*,*,401,401
Precinct,13,437,204,10,5,*,*,*,656,656
Precinct,14,418,233,5,*,*,*,*,656,656
Precinct,15,255,198,*,*,*,*,*,453,453
Precinct,16,218,122,8,*,*,*,*,348,348
Precinct,17,380,191,7,*,5,*,*,583,583
Precinct,18,437,273,5,*,*,*,*,715,715
Precinct,19,277,266,5,*,*,*,*,548,548
Precinct,20,335,258,7,*,*,*,*,600,600
Precinct,21,198,145,*,*,*,*,*,343,343
Precinct,22,195,189,5,*,*,*,*,389,389
Precinct,23,239,165,*,*,*,*,*,404,404
Precinct,24,351,198,5,5,*,*,*,559,559
Precinct,25,276,275,*,*,*,*,*,551,551
Precinct,26,369,236,*,7,*,*,*,612,612
Precinct,27,451,245,5,*,*,*,*,701,701
Precinct,28,330,202,5,*,*,*,*,537,537
Precinct,29,337,217,*,*,*,*,*,554,554
Precinct,30,497,188,8,*,*,*,*,693,693
Precinct,31,324,206,18,*,*,*,*,548,548
Precinct,32,199,113,*,*,*,*,*,312,312
Precinct,33,242,145,6,*,*,*,*,393,393
Precinct,34,215,157,5,*,*,*,*,377,377
Precinct,35,255,158,*,*,*,*,*,413,413
Precinct,36,341,171,*,*,*,5,*,517,517
Precinct,37,238,92,*,*,*,*,*,330,330
Precinct,38,259,191,5,*,*,*,*,455,455
Precinct,39,251,149,*,*,*,*,*,400,400
Precinct,40,336,238,7,*,*,6,*,587,587
Precinct,41,281,188,5,*,*,*,*,474,474
Precinct,42,301,191,*,*,*,*,*,492,492
Precinct,43,271,183,8,*,*,*,*,462,462
Precinct,44,124,97,*,*,*,*,*,221,221
Precinct,45,237,185,5,*,*,*,*,427,427
Precinct,46,384,265,12,6,*,5,*,672,672
Precinct,47,197,105,*,*,*,*,*,302,302
Precinct,48,166,99,5,*,*,*,*,270,270
Precinct,49,45,22,*,*,*,*,*,67,67
Precinct,50,326,219,6,*,*,*,*,551,551
Precinct,51,312,185,7,*,*,*,*,504,504
Precinct,52,287,221,5,*,*,*,*,513,513
Precinct,53,253,162,7,*,*,*,*,422,422
Precinct,54,424,320,7,*,*,*,*,751,751
Precinct,55,187,149,*,*,*,*,*,336,336
Precinct,56,185,161,*,*,*,*,*,346,346
Precinct,57,757,339,10,6,*,*,*,1112,1112
Precinct,58,117,89,*,*,*,*,*,206,206
Precinct,59,250,215,6,*,*,*,*,471,471
Precinct,60,273,215,5,*,*,*,*,493,493
Precinct,61,278,202,7,*,*,*,*,487,487
Precinct,62,276,138,*,8,*,*,*,422,422
Precinct,63,169,82,*,*,*,*,*,251,251
Precinct,64,150,65,*,*,*,*,*,215,215
Precinct,65,345,201,6,*,*,*,*,552,552
Precinct,66,308,213,5,5,*,5,*,536,536
Precinct,67,440,182,7,6,*,7,*,642,642
Precinct,68,133,141,*,*,*,*,*,274,274
Precinct,69,332,219,5,*,*,*,*,556,556
Precinct,70,295,287,*,*,*,*,*,582,582
Precinct,71,381,263,5,*,*,*,*,649,649
Precinct,72,208,94,*,*,*,*,*,302,302
Precinct,73,189,195,*,*,*,*,*,384,384
Precinct,74,254,249,7,*,*,*,*,510,510
Precinct,75,178,128,*,*,*,*,*,306,306
Precinct,76,257,194,5,*,*,*,*,456,456
Precinct,77,243,241,5,*,*,*,*,489,489
Precinct,78,229,182,*,*,*,*,*,411,411
Precinct,79,170,161,*,*,*,*,*,331,331
Precinct,80,276,224,7,5,*,*,*,512,512
Precinct,81,375,325,9,*,*,*,*,709,709
Precinct,82,293,274,*,*,6,*,*,573,573
Precinct,83,275,161,*,*,*,*,*,436,436
Precinct,84,214,226,6,*,*,*,*,446,446
Precinct,85,272,246,*,*,5,*,*,523,523
Precinct,86,323,283,10,*,*,*,*,616,616
Precinct,87,267,235,*,*,*,*,*,502,502
Precinct,88,20,20,*,*,*,*,*,40,40
Precinct,89,298,224,8,5,*,*,*,535,535
Precinct,90,134,140,*,*,*,*,*,274,274
Precinct,91,244,276,*,*,*,*,*,520,520
Precinct,92,389,377,13,*,5,*,*,784,784
Precinct,93,547,216,5,*,*,*,*,768,768
Precinct,94,142,89,5,*,*,*,*,236,236
Precinct,95,163,83,6,*,*,*,*,252,252
Precinct,96,375,305,5,*,*,*,*,685,685
Precinct,97,287,270,12,*,*,*,*,569,569
Precinct,98,171,108,*,*,*,*,*,279,279
Precinct,99,242,243,*,*,*,*,*,485,485
Precinct,100,305,215,*,*,5,*,*,525,525
Precinct,101,323,69,7,*,*,9,*,408,408
Precinct,102,239,52,*,6,*,5,*,302,302
Precinct,103,121,62,*,*,*,*,*,183,183
Precinct,104,109,40,*,5,*,*,*,154,154
Precinct,105,133,65,*,*,*,*,*,198,198
Precinct,106,125,81,*,*,*,*,*,206,206
Precinct,107,363,93,*,*,*,9,*,465,465
Precinct,108,218,137,*,*,*,*,*,355,355
Precinct,109,28,23,*,*,*,*,*,51,51
Precinct,110,391,275,*,9,*,*,*,675,675
Precinct,111,179,153,6,*,*,*,*,338,338
Precinct,112,308,228,*,*,*,*,*,536,536
Precinct,113,365,308,10,*,*,*,*,683,683
Precinct,114,305,376,10,*,*,*,*,691,691
Precinct,115,345,338,13,5,*,*,*,701,701
Precinct,116,357,304,9,*,5,*,*,675,675
Precinct,117,359,332,7,7,*,*,*,705,705
Precinct,118,413,393,8,*,*,*,*,814,814
Precinct,119,220,152,7,*,*,*,*,379,379
Precinct,120,390,242,11,5,*,*,*,648,648
Precinct,121,371,98,*,5,*,*,*,474,474
Precinct,122,224,39,*,*,*,*,*,263,263
Precinct,123,479,91,*,5,*,16,*,591,591
Precinct,124,303,63,*,5,*,6,*,377,377
Precinct,125,379,49,*,5,*,*,*,433,433
Precinct,126,219,96,*,*,*,*,*,315,315
Precinct,127,163,103,*,*,*,*,*,266,266
Precinct,128,218,212,9,*,*,*,*,439,439
Precinct,129,306,301,7,*,*,*,*,614,614
Precinct,130,392,308,*,*,*,*,*,700,700
Precinct,131,230,61,*,10,*,*,*,301,301
Precinct,132,364,109,*,8,*,*,*,481,481
Precinct,133,218,110,*,*,*,5,*,333,333
Precinct,134,343,272,8,*,*,*,*,623,623
Precinct,135,315,109,8,*,*,10,*,442,442
Precinct,136,214,166,6,*,*,*,*,386,386
Precinct,137,337,275,9,*,*,*,*,621,621
Precinct,138,208,160,5,*,*,*,*,373,373
Precinct,139,206,167,5,*,*,*,*,378,378
Precinct,140,231,168,5,*,*,*,*,404,404
Precinct,141,208,189,*,*,*,*,*,397,397
Precinct,142,303,223,6,*,*,*,*,532,532
Precinct,143,224,142,*,*,*,*,*,366,366
Precinct,144,195,176,7,*,*,*,*,378,378
Precinct,145,282,233,*,*,*,*,*,515,515
Precinct,146,367,273,*,*,*,*,*,640,640
Precinct,147,92,55,*,*,*,*,*,147,147
Precinct,148,254,182,6,*,*,*,*,442,442
Precinct,149,286,196,9,*,*,*,*,491,491
Precinct,150,285,71,*,6,*,*,*,362,362
Precinct,151,443,166,10,7,*,*,*,626,626
Precinct,152,443,127,5,*,*,*,*,575,575
Precinct,153,409,176,8,8,*,*,*,601,601
Precinct,154,297,97,*,7,*,*,*,401,401
Precinct,155,466,164,7,8,*,*,*,645,645
Precinct,156,254,211,*,*,*,*,*,465,465
Precinct,157,310,217,6,*,*,*,*,533,533
Precinct,158,349,311,*,*,*,*,*,660,660
Precinct,159,261,205,*,*,*,*,*,466,466
Precinct,160,384,294,*,7,*,*,*,685,685
Precinct,161,244,102,*,5,*,*,*,351,351
Precinct,162,412,119,7,7,*,*,*,545,545
Precinct,163,248,70,5,*,*,*,*,323,323
Precinct,164,347,120,*,6,*,11,*,484,484
Precinct,165,294,42,*,*,*,*,*,336,336
Precinct,166,286,40,*,8,*,*,*,334,334
Precinct,167,332,248,*,*,*,*,*,580,580
Precinct,168,300,200,7,*,*,*,*,507,507
Precinct,169,284,233,8,*,*,*,*,525,525
Precinct,170,260,237,5,*,*,*,*,502,502
Precinct,171,253,199,5,*,*,*,*,457,457
Precinct,172,251,205,5,5,*,*,*,466,466
Precinct,173,303,189,9,*,*,*,*,501,501
Precinct,174,357,278,5,5,*,*,*,645,645
Precinct,175,349,264,8,6,5,*,*,632,632
Precinct,176,198,158,*,*,*,*,*,356,356
Precinct,177,222,188,*,*,*,*,*,410,410
Precinct,178,293,183,*,*,*,*,*,476,476
Precinct,179,266,232,15,*,*,*,*,513,513
Precinct,180,237,70,*,*,*,*,*,307,307
Precinct,181,203,61,*,*,*,*,*,264,264
Precinct,182,285,139,*,5,*,*,*,429,429
Precinct,183,377,119,*,6,*,*,*,502,502
Precinct,184,422,144,5,*,5,6,*,582,582
Precinct,185,505,159,*,*,*,*,*,664,664
Precinct,186,335,153,*,*,*,5,*,493,493
Precinct,187,447,150,*,6,*,*,*,603,603
Precinct,188,197,54,*,8,*,*,*,259,259
Precinct,189,230,155,6,7,*,*,*,398,398
Precinct,190,217,166,5,*,*,*,*,388,388
Precinct,191,252,133,5,*,*,*,*,390,390
Precinct,192,301,96,7,*,*,*,*,404,404
Precinct,193,222,132,5,*,*,*,*,359,359
Precinct,194,510,210,*,6,*,*,*,726,726
Precinct,195,232,96,*,*,*,*,*,328,328
Precinct,196,165,118,7,*,*,*,*,290,290
Precinct,197,344,133,5,6,*,*,*,488,488
Precinct,198,224,131,5,*,*,*,*,360,360
Precinct,199,274,179,5,*,*,*,*,458,458
Precinct,200,163,128,*,*,*,*,*,291,291
Precinct,201,286,323,*,*,*,*,*,609,609
Precinct,202,238,222,*,*,*,*,*,460,460
Precinct,203,256,189,5,6,*,*,*,456,456
Precinct,204,371,285,12,*,*,*,*,668,668
Precinct,205,473,430,14,5,6,*,*,928,928
Precinct,206,399,359,11,*,*,*,*,769,769
Precinct,207,263,205,8,*,*,*,*,476,476
Precinct,208,250,173,8,*,*,*,*,431,431
Precinct,209,400,248,5,*,*,*,*,653,653
Precinct,210,383,222,*,*,*,*,*,605,605
Precinct,211,114,42,*,*,*,*,*,156,156
Precinct,212,278,119,7,*,*,*,*,404,404
Precinct,213,397,175,*,*,*,*,*,572,572
Precinct,214,302,59,*,*,*,8,*,369,369
Precinct,215,189,32,*,8,*,*,*,229,229
Precinct,216,284,88,*,*,5,*,*,377,377
Precinct,217,327,318,9,10,*,*,*,664,664
Precinct,218,294,227,8,*,*,*,*,529,529
Precinct,219,355,242,*,*,8,*,*,605,605
Precinct,220,266,257,7,*,*,*,*,530,530
Precinct,221,501,113,6,19,*,10,*,649,649
Precinct,222,302,249,5,*,*,*,*,556,556
Precinct,223,159,30,*,5,*,*,*,194,194
Precinct,224,163,37,*,*,*,*,*,200,200
Precinct,225,92,26,*,*,*,*,*,118,118
Precinct,226,172,42,*,*,*,5,*,219,219
Precinct,227,290,280,5,*,*,*,*,575,575
Precinct,228,341,331,*,*,*,*,*,672,672
Precinct,229,277,354,*,*,*,*,*,631,631
Precinct,230,257,236,*,*,*,*,*,493,493
Precinct,231,341,296,6,*,*,*,*,643,643
Precinct,232,386,232,*,*,*,*,*,618,618
Precinct,233,100,68,*,*,*,*,*,168,168
Precinct,234,306,178,6,*,*,*,*,490,490
Precinct,235,398,152,5,*,*,6,*,561,561
Precinct,236,148,124,*,*,*,*,*,272,272
Precinct,237,224,195,10,*,*,*,*,429,429
Precinct,238,151,159,*,*,*,*,*,310,310
Precinct,239,302,179,*,*,*,*,*,481,481
Precinct,240,273,196,*,*,*,*,*,469,469
Precinct,241,216,52,*,8,*,*,*,276,276
Precinct,242,269,58,*,10,*,11,*,348,348
Precinct,243,338,64,8,10,5,22,*,447,447
Precinct,244,481,61,*,7,5,6,*,560,560
Precinct,245,333,55,*,*,*,13,*,401,401
Precinct,246,177,72,*,7,*,*,*,256,256
Precinct,247,307,215,*,*,*,*,*,522,522
Precinct,248,185,159,*,*,*,*,*,344,344
Precinct,249,395,288,*,*,*,*,*,683,683
Precinct,250,224,252,7,*,*,*,*,483,483
Precinct,251,313,42,*,6,*,*,*,361,361
Precinct,252,411,62,*,*,6,5,*,484,484
Precinct,253,570,123,*,8,*,7,*,708,708
Precinct,254,475,93,*,*,*,5,*,573,573
Precinct,255,438,106,*,5,7,11,*,567,567
Precinct,256,409,58,6,*,*,*,*,473,473
Precinct,257,194,91,7,*,*,*,*,292,292
Precinct,258,91,111,*,*,*,*,*,202,202
Precinct,259,136,109,*,*,*,*,*,245,245
Precinct,260,176,161,*,*,*,*,*,337,337
Precinct,261,260,211,*,*,*,*,*,471,471
Precinct,262,204,151,*,*,*,*,*,355,355
Precinct,263,281,146,*,*,*,*,*,427,427
Precinct,264,317,322,*,*,*,*,*,639,639
Precinct,265,265,232,*,*,*,*,*,497,497
Precinct,266,246,96,*,*,*,*,*,342,342
Precinct,267,271,189,*,*,*,*,*,460,460
Precinct,268,143,120,*,*,*,*,*,263,263
Precinct,269,179,138,*,*,*,*,*,317,317
Precinct,270,215,236,*,*,*,*,*,451,451
Precinct,271,436,115,*,9,*,*,*,560,560
Precinct,272,380,67,*,9,*,*,*,456,456
Precinct,273,511,159,*,*,*,7,*,677,677
Precinct,274,301,54,*,9,*,*,*,364,364
Precinct,275,180,109,*,*,*,*,*,289,289
Precinct,276,314,80,*,*,*,*,*,394,394
Precinct,277,421,141,7,*,*,*,*,569,569
Precinct,278,218,108,8,*,*,*,*,334,334
Precinct,279,205,114,*,*,*,*,*,319,319
Precinct,280,228,102,*,*,*,6,*,336,336
Precinct,281,242,90,*,7,*,6,*,345,345
Precinct,282,380,150,5,*,*,*,*,535,535
Precinct,283,165,75,*,*,*,*,*,240,240
Precinct,284,251,115,*,*,*,*,*,366,366
Precinct,285,236,96,*,*,*,*,*,332,332
Precinct,286,104,79,*,*,*,*,*,183,183
Precinct,287,205,93,*,*,*,*,*,298,298
Precinct,288,182,158,*,*,*,*,*,340,340
Precinct,289,437,292,6,*,11,*,*,746,746
Precinct,290,154,161,*,*,*,*,*,315,315
Precinct,291,315,217,*,8,*,*,*,540,540
Precinct,292,237,177,6,*,*,*,*,420,420
Precinct,293,198,133,*,*,*,*,*,331,331
Precinct,294,345,323,9,*,6,*,*,683,683
Precinct,295,310,255,5,7,*,*,*,577,577
Precinct,296,258,173,*,*,*,*,*,431,431
Precinct,297,228,185,*,*,*,*,*,413,413
Precinct,298,234,185,7,*,*,*,*,426,426
Precinct,299,189,104,*,*,*,*,*,293,293
Precinct,300,223,145,5,*,*,*,*,373,373
Precinct,301,306,225,9,6,*,*,*,546,546
Precinct,302,325,215,*,*,5,*,*,545,545
Precinct,303,205,152,9,*,*,*,*,366,366
Precinct,304,279,163,*,*,*,*,*,442,442
Precinct,305,378,192,*,7,*,*,*,577,577
Precinct,306,222,182,*,*,*,*,*,404,404
Precinct,307,318,181,*,*,9,*,*,508,508
Precinct,308,225,190,5,*,*,*,*,420,420
Precinct,309,223,239,*,*,*,*,*,462,462
Precinct,310,412,242,5,5,*,*,*,664,664
Precinct,311,329,97,*,*,*,7,*,433,433
Precinct,312,376,114,*,6,*,5,*,501,501
Precinct,313,193,70,*,*,*,*,*,263,263
Precinct,314,353,151,5,*,*,*,*,509,509
Precinct,315,284,125,*,*,*,*,*,409,409
Precinct,316,328,168,5,11,*,*,*,512,512
Precinct,317,236,130,*,5,*,5,*,376,376
Precinct,318,140,93,*,*,*,*,*,233,233
Precinct,319,343,250,10,5,*,*,*,608,608
Precinct,320,302,303,*,*,*,*,*,605,605
Precinct,321,246,80,*,*,*,*,*,326,326
Precinct,322,187,61,*,*,*,*,*,248,248
Precinct,323,266,158,*,*,*,*,*,424,424
Precinct,324,350,201,*,*,*,*,*,551,551
Precinct,325,425,296,*,*,6,*,*,727,727
Precinct,326,243,119,*,*,*,*,*,362,362
Precinct,327,93,67,*,*,*,*,*,160,160
Precinct,328,368,258,5,*,*,*,*,631,631
Precinct,329,252,179,5,*,*,*,*,436,436
Precinct,330,220,114,*,*,*,*,*,334,334
Precinct,331,226,103,*,*,*,*,*,329,329
Precinct,332,314,259,*,*,*,*,*,573,573
Precinct,333,301,190,*,*,5,*,*,496,496
Precinct,334,216,243,*,*,*,*,*,459,459
Precinct,335,270,154,5,*,5,*,*,434,434
Precinct,336,137,76,*,*,*,*,*,213,213
Precinct,337,142,113,*,*,*,*,*,255,255
Precinct,338,431,140,*,5,*,5,*,581,581
Precinct,339,222,214,*,*,*,*,*,436,436
Precinct,340,252,206,8,*,*,*,*,466,466
Precinct,341,357,64,*,7,*,*,*,428,428
Precinct,342,234,29,*,*,*,5,*,268,268
Precinct,343,402,67,*,8,*,*,*,477,477
Precinct,344,540,117,*,6,*,9,*,672,672
Precinct,345,115,54,*,*,*,*,*,169,169
Precinct,346,288,158,*,5,*,5,*,456,456
Precinct,347,322,183,6,*,*,*,*,511,511
Precinct,348,304,180,5,5,*,*,*,494,494
Precinct,349,354,332,7,5,*,*,*,698,698
Precinct,350,255,267,*,*,*,*,*,522,522
Precinct,351,268,36,*,*,*,*,*,304,304
Precinct,352,373,44,*,10,*,*,*,427,427
Precinct,353,254,16,*,*,*,*,*,270,270
Precinct,354,384,53,*,*,*,*,*,437,437
Precinct,355,429,33,*,*,*,7,*,469,469
Precinct,356,356,46,*,5,*,6,*,413,413
Precinct,357,232,38,*,*,*,*,*,270,270
Precinct,358,439,78,6,7,*,6,*,536,536
Precinct,359,250,159,*,5,*,*,*,414,414
Precinct,360,211,231,*,*,*,*,*,442,442
Precinct,361,275,322,*,*,6,*,*,603,603
Precinct,362,278,137,*,*,*,*,*,415,415
Precinct,363,138,136,*,*,*,*,*,274,274
Precinct,364,202,142,*,*,*,*,*,344,344
Precinct,365,290,253,5,*,5,*,*,553,553
Precinct,366,206,120,*,*,*,*,*,326,326
Precinct,367,147,98,*,*,*,*,*,245,245
Precinct,368,118,131,*,*,*,*,*,249,249
Precinct,369,218,204,*,6,*,*,*,428,428
Precinct,370,226,121,*,*,*,*,*,347,347
Precinct,371,493,121,*,9,*,*,*,623,623
Precinct,372,226,88,*,*,*,*,*,314,314
Precinct,373,251,103,*,*,*,*,*,354,354
Precinct,374,327,68,*,*,*,6,*,401,401
Precinct,375,156,121,*,*,*,*,*,277,277
Precinct,376,400,192,5,*,6,*,*,603,603
Precinct,377,569,166,7,13,9,*,*,764,764
Precinct,378,125,64,*,*,*,*,*,189,189
Precinct,379,111,48,*,*,*,*,*,159,159
Precinct,380,161,138,*,*,*,*,*,299,299
Precinct,381,352,38,*,7,*,5,*,402,402
Precinct,382,377,73,*,*,*,5,*,455,455
Precinct,383,346,68,*,15,5,10,*,444,444
Precinct,384,397,78,*,9,*,*,*,484,484
Precinct,385,367,89,*,8,*,5,*,469,469
Precinct,386,292,48,*,7,*,*,*,347,347
Precinct,387,334,58,*,*,*,*,*,392,392
Precinct,388,274,255,*,5,*,*,*,534,534
Precinct,389,265,128,*,*,*,*,*,393,393
Precinct,390,274,215,*,*,5,*,*,494,494
Precinct,391,257,120,5,*,6,*,*,388,388
Precinct,392,243,161,*,*,7,*,*,411,411
Precinct,393,171,138,*,8,*,*,*,317,317
Precinct,394,388,288,8,*,*,*,*,684,684
Precinct,395,268,174,10,*,6,*,*,458,458
Precinct,396,311,108,*,*,*,*,*,419,419
Precinct,397,222,162,11,*,5,*,*,400,400
Precinct,398,223,173,*,*,6,*,*,402,402
Precinct,399,330,209,*,*,*,*,*,539,539
Precinct,400,216,103,*,*,5,5,*,329,329
Precinct,401,302,141,6,7,*,*,*,456,456
Precinct,402,369,201,9,*,*,*,*,579,579
Precinct,403,257,104,5,6,*,*,*,372,372
Precinct,404,349,187,*,*,*,*,*,536,536
Precinct,405,294,162,*,*,*,*,*,456,456
Precinct,406,163,82,*,*,*,*,*,245,245
Precinct,407,212,151,*,*,*,*,*,363,363
Precinct,408,348,250,*,*,6,5,*,609,609
Precinct,409,258,142,*,*,*,*,*,400,400
Precinct,410,353,230,8,*,*,*,*,591,591
Precinct,411,170,93,*,*,*,*,*,263,263
Precinct,412,360,105,*,*,5,5,*,475,475
Precinct,413,271,123,*,5,*,*,*,399,399
Precinct,414,166,122,*,6,*,*,*,294,294
Precinct,415,179,121,*,7,*,*,*,307,307
Precinct,416,294,101,*,11,*,*,*,406,406
Precinct,417,326,160,9,*,6,*,*,501,501
Precinct,418,443,230,9,6,*,*,*,688,688
Precinct,419,226,183,*,*,*,*,*,409,409
Precinct,420,289,202,6,*,*,*,*,497,497
Precinct,421,360,260,8,*,5,*,*,633,633
Precinct,422,317,285,7,6,*,*,*,615,615
Precinct,423,313,249,*,8,*,*,*,570,570
Precinct,424,275,193,5,5,*,*,*,478,478
Precinct,425,253,207,5,*,*,*,*,465,465
Precinct,426,287,174,6,*,9,*,*,476,476
Precinct,427,269,274,8,*,5,*,*,556,556
Precinct,428,433,231,*,*,*,*,*,664,664
Precinct,429,323,205,*,*,*,*,*,528,528
Precinct,430,335,245,*,*,8,*,*,588,588
Precinct,431,260,161,7,*,*,*,*,428,428
Precinct,432,450,187,8,*,*,5,*,650,650
Precinct,433,224,132,7,*,*,*,*,363,363
Precinct,434,195,98,5,*,*,*,*,298,298
Precinct,435,349,207,9,5,*,*,*,570,570
Precinct,436,253,155,8,*,*,*,*,416,416
Precinct,437,170,98,*,*,*,*,*,268,268
Precinct,438,112,60,*,*,*,*,*,172,172
Precinct,439,363,187,5,8,*,*,*,563,563
Precinct,440,166,120,*,*,*,*,*,286,286
Precinct,441,254,155,*,*,*,*,*,409,409
Precinct,442,308,186,*,*,*,*,*,494,494
Precinct,443,244,138,5,6,*,5,*,398,398
Precinct,444,203,129,*,*,*,*,*,332,332
Precinct,445,235,156,*,*,*,*,*,391,391
Precinct,446,277,143,7,*,*,*,*,427,427
Precinct,447,275,319,*,*,6,*,*,600,600
Precinct,448,178,132,*,*,*,*,*,310,310
Precinct,449,154,63,5,*,*,*,*,222,222
Precinct,450,247,195,*,*,5,*,*,447,447
Precinct,451,287,170,5,5,*,*,*,467,467
Precinct,452,266,150,*,*,5,*,*,421,421
Precinct,453,397,236,*,6,*,7,*,646,646
Precinct,454,205,148,5,5,*,*,*,363,363
Precinct,455,300,150,5,*,*,*,*,455,455
Precinct,456,250,183,*,*,6,*,*,439,439
Precinct,457,352,270,10,10,6,*,*,648,648
Precinct,458,191,210,7,9,*,*,*,417,417
Precinct,459,332,201,5,*,*,*,*,538,538
Precinct,460,301,236,9,*,*,*,*,546,546
Precinct,461,260,148,8,*,*,*,*,416,416
Precinct,462,190,129,*,*,*,*,*,319,319
Precinct,463,253,131,*,5,*,*,*,389,389
Precinct,464,215,123,*,*,*,*,*,338,338
Precinct,465,146,62,5,*,*,*,*,213,213
Precinct,466,289,234,9,6,5,*,*,543,543
Precinct,467,189,167,9,*,*,*,*,365,365
Precinct,468,390,273,6,6,*,*,*,675,675
Precinct,469,358,377,7,8,7,*,*,757,757
Precinct,470,369,272,*,12,*,*,*,653,653
Precinct,471,246,186,5,5,*,*,*,442,442
Precinct,472,182,134,*,*,*,*,*,316,316
Precinct,473,215,132,5,5,*,*,*,357,357
Precinct,474,184,132,*,*,*,*,*,316,316
Precinct,475,374,164,5,*,*,*,*,543,543
Precinct,476,342,249,6,*,6,*,*,603,603
Precinct,477,229,119,*,*,*,*,*,348,348
Precinct,478,367,226,*,*,*,*,*,593,593
Precinct,479,241,273,8,*,*,*,*,522,522
Precinct,480,323,227,5,*,*,*,*,555,555
Precinct,481,198,108,5,*,*,*,*,311,311
Precinct,482,325,262,8,*,*,*,*,595,595
Precinct,483,322,213,6,7,5,*,*,553,553
Precinct,484,348,225,6,*,*,*,*,579,579
Precinct,485,362,296,11,*,8,*,*,677,677
Precinct,486,209,149,*,*,*,*,*,358,358
Precinct,487,313,248,*,*,*,*,*,561,561
Precinct,488,399,233,5,*,6,*,*,643,643
Precinct,489,294,197,*,*,*,*,*,491,491
Precinct,490,262,302,7,*,7,*,*,578,578
Precinct,491,241,158,5,*,*,*,*,404,404
Precinct,492,236,118,*,*,*,*,*,354,354
Precinct,493,252,162,5,*,*,*,*,419,419
Precinct,494,246,160,5,*,*,5,*,416,416
Precinct,495,375,229,8,7,*,*,*,619,619
Precinct,496,244,159,*,*,6,*,*,409,409
Precinct,497,360,191,*,5,*,*,*,556,556
Precinct,498,384,242,9,*,*,*,*,635,635
Precinct,499,328,239,6,*,*,*,*,573,573
Precinct,500,400,290,9,*,*,*,*,699,699
Precinct,501,288,276,5,*,*,*,*,569,569
Precinct,502,364,241,7,5,7,*,*,624,624
Precinct,503,226,156,6,*,*,*,*,388,388
Precinct,504,234,146,*,5,*,*,*,385,385
Precinct,505,260,188,14,*,*,*,*,462,462
Precinct,506,251,149,6,6,*,*,*,412,412
Precinct,507,235,176,*,*,*,*,*,411,411
Precinct,508,248,150,*,*,*,*,*,398,398
Precinct,509,173,139,*,*,*,*,*,312,312
Precinct,510,215,165,*,*,*,*,*,380,380
Precinct,511,301,273,5,*,6,*,*,585,585
Precinct,512,244,147,9,*,5,*,*,405,405
Precinct,513,167,132,*,*,*,*,*,299,299
Precinct,514,352,290,11,6,12,*,*,671,671
Precinct,515,238,186,5,5,*,*,*,434,434
Precinct,516,259,187,*,*,5,*,*,451,451
Precinct,517,261,264,5,*,5,*,*,535,535
Precinct,518,246,182,*,5,*,*,*,433,433
Precinct,519,214,148,6,*,*,*,*,368,368
Precinct,520,226,161,*,*,*,*,*,387,387
Precinct,521,382,307,7,6,5,*,*,707,707
Precinct,522,211,188,5,*,*,*,*,404,404
Precinct,523,284,269,7,6,*,*,*,566,566
Precinct,524,159,159,5,*,*,*,*,323,323
Precinct,525,380,258,*,*,*,*,*,638,638
Precinct,526,397,271,7,*,7,*,*,682,682
Precinct,527,141,104,*,*,*,*,*,245,245
Precinct,528,129,145,*,*,*,*,*,274,274
Precinct,529,243,159,*,7,*,*,*,409,409
Precinct,530,324,173,5,*,*,*,*,502,502
Precinct,531,341,197,5,5,*,*,*,548,548
Precinct,532,282,196,*,5,*,5,*,488,488
Precinct,533,272,138,*,*,*,*,*,410,410
Precinct,534,361,274,6,*,*,*,*,641,641
Precinct,535,271,208,*,*,*,*,*,479,479
Precinct,536,192,137,*,*,*,*,*,329,329
Precinct,537,248,148,*,5,*,*,*,401,401
Precinct,538,218,113,*,*,*,*,*,331,331
Precinct,539,367,168,*,6,*,*,*,541,541
Precinct,540,222,171,6,*,*,*,*,399,399
Precinct,541,269,405,7,8,*,*,*,689,689
Precinct,542,301,196,7,*,*,5,*,509,509
Precinct,543,234,144,7,*,5,*,*,390,390
Precinct,544,359,245,5,*,*,*,*,609,609
Precinct,545,324,257,10,*,*,*,*,591,591
Precinct,546,304,264,10,*,*,*,*,578,578
Precinct,547,338,236,7,*,*,*,*,581,581
Precinct,548,289,180,11,*,6,*,*,486,486
Precinct,549,374,261,6,6,7,*,*,654,654
Precinct,550,329,197,7,*,*,*,*,533,533
Precinct,551,105,128,*,*,*,*,*,233,233
Precinct,552,314,283,5,*,*,*,*,602,602
Precinct,553,311,340,6,11,13,*,*,681,681
Precinct,554,261,215,5,*,6,*,*,487,487
Precinct,555,297,203,5,*,*,*,*,505,505
Precinct,556,243,246,*,7,6,*,*,502,502
Precinct,557,266,339,*,5,*,*,*,610,610
Precinct,558,304,229,10,5,7,*,*,555,555
Precinct,559,368,320,6,6,5,*,*,705,705
Precinct,560,282,298,*,*,8,*,*,588,588
Precinct,561,205,148,5,*,*,*,*,358,358
Precinct,562,379,222,*,*,*,*,*,601,601
Precinct,563,188,173,*,*,*,*,*,361,361
Precinct,564,232,174,7,*,*,*,*,413,413
Precinct,565,345,228,*,*,*,*,*,573,573
Precinct,566,383,280,*,*,7,*,*,670,670
Precinct,567,61,54,*,*,*,*,*,115,115
Precinct,568,212,258,5,*,*,*,*,475,475
Precinct,569,283,142,6,*,9,*,*,440,440
Precinct,570,183,120,5,*,*,*,*,308,308
Precinct,571,181,240,5,*,*,*,*,426,426
Precinct,572,185,233,7,*,*,*,*,425,425
Precinct,573,178,174,*,*,*,*,*,352,352
Precinct,574,338,166,7,*,12,*,*,523,523
Precinct,575,381,372,*,*,5,*,*,758,758
Precinct,576,302,296,8,*,6,*,*,612,612
Precinct,577,263,364,5,*,6,*,*,638,638
Precinct,578,230,237,5,*,*,*,*,472,472
Precinct,579,317,330,9,5,*,*,*,661,661
Precinct,580,218,277,5,*,7,*,*,507,507
Precinct,581,282,121,*,*,*,*,*,403,403
Precinct,582,145,191,*,*,*,*,*,336,336
Precinct,583,229,221,*,*,*,*,*,450,450
Precinct,584,186,167,5,*,*,*,*,358,358
Precinct,585,202,156,7,*,*,*,*,365,365
Precinct,586,370,198,*,*,*,*,*,568,568
Precinct,587,286,104,*,*,*,*,*,390,390
Precinct,588,290,260,*,5,*,*,*,555,555
Precinct,589,268,186,5,8,*,*,*,467,467
Precinct,590,284,194,*,*,*,*,*,478,478
Precinct,591,78,47,*,*,*,*,*,125,125
Precinct,592,293,273,9,5,6,*,*,586,586
Precinct,593,285,161,11,7,*,*,*,464,464
Precinct,594,327,331,5,7,*,*,*,670,670
Precinct,595,317,401,5,*,*,*,*,723,723
Precinct,596,146,248,10,*,*,*,*,404,404
Precinct,597,197,453,6,*,8,*,*,664,664
Precinct,598,147,189,5,*,*,*,*,341,341
Precinct,599,260,199,*,5,*,*,*,464,464
Precinct,600,177,98,*,*,*,*,*,275,275
Precinct,601,259,271,*,5,5,*,*,540,540
Precinct,602,329,251,5,6,5,*,*,596,596
Precinct,603,335,245,6,*,7,*,*,593,593
Precinct,604,179,121,*,*,*,*,*,300,300
Precinct,605,255,176,*,*,*,*,*,431,431
Precinct,606,280,261,13,*,*,*,*,554,554
Precinct,607,242,196,5,*,*,*,*,443,443
Precinct,608,207,322,7,8,*,*,*,544,544
Precinct,609,189,129,6,*,*,*,*,324,324
Precinct,610,203,156,*,*,*,*,*,359,359
Precinct,611,260,235,*,*,*,*,*,495,495
Precinct,612,336,267,5,*,*,*,*,608,608
Precinct,613,163,30,*,*,*,*,*,193,193
Precinct,614,275,185,7,*,*,*,*,467,467
Precinct,615,186,203,7,*,*,*,*,396,396
Precinct,616,89,98,5,*,*,*,*,192,192
Precinct,617,115,69,*,*,*,*,*,184,184
Precinct,618,265,166,*,*,*,*,*,431,431
Precinct,619,163,138,*,*,*,*,*,301,301
Precinct,620,104,91,*,*,*,*,*,195,195
Precinct,621,235,161,*,*,*,*,*,396,396
Precinct,622,246,199,*,*,*,*,*,445,445
Precinct,623,232,206,*,*,*,*,*,438,438
Precinct,624,229,205,*,*,*,*,*,434,434
Precinct,625,255,168,*,*,*,*,*,423,423
Precinct,626,360,285,10,*,5,*,*,660,660
Precinct,627,215,146,*,*,*,*,*,361,361
Precinct,628,104,98,*,*,*,*,*,202,202
Precinct,629,288,208,5,*,*,*,*,501,501
Precinct,630,168,140,*,*,*,*,*,308,308
Precinct,631,74,84,*,*,*,*,*,158,158
Precinct,632,263,216,*,*,*,*,*,479,479
Precinct,633,221,154,*,*,*,*,*,375,375
Precinct,634,279,82,5,6,*,*,*,372,372
Precinct,635,205,235,9,*,*,*,*,449,449
Precinct,636,235,278,11,7,*,*,*,531,531
Precinct,637,156,137,*,*,*,*,*,293,293
Precinct,638,206,189,5,*,*,*,*,400,400
Precinct,639,233,201,7,*,*,*,*,441,441
Precinct,640,174,46,*,8,*,*,*,228,228
Precinct,641,144,118,*,*,*,*,*,262,262
Precinct,642,143,75,*,*,*,*,*,218,218
Precinct,643,237,201,*,*,*,*,*,438,438
Precinct,644,288,199,*,*,*,*,*,487,487
Precinct,645,152,130,*,*,5,*,*,287,287
Precinct,646,158,82,*,*,*,*,*,240,240
Precinct,647,129,113,*,*,*,*,*,242,242
Precinct,648,287,248,*,*,*,*,*,535,535
Precinct,649,254,185,*,*,*,*,*,439,439
Precinct,650,196,143,*,*,*,*,*,339,339
Precinct,651,172,176,*,*,*,*,*,348,348
Precinct,652,98,95,*,*,*,*,*,193,193
Precinct,653,95,67,*,*,*,*,*,162,162
Precinct,654,188,131,*,*,*,*,*,319,319
Precinct,655,151,134,5,*,*,*,*,290,290
Precinct,656,191,164,*,*,5,*,*,360,360
Precinct,657,191,146,*,*,*,*,*,337,337
Precinct,658,130,59,*,*,*,*,*,189,189
Precinct,659,150,123,*,*,*,*,*,273,273
Precinct,660,166,77,*,*,*,*,*,243,243
Precinct,661,229,161,5,5,*,*,*,400,400
Precinct,662,178,148,5,*,*,*,*,331,331
Precinct,663,180,94,*,*,*,*,*,274,274
Precinct,664,71,79,*,*,*,*,*,150,150
Precinct,665,208,172,5,5,*,*,*,390,390
Precinct,666,207,86,*,*,*,*,*,293,293
Precinct,667,119,166,*,*,*,*,*,285,285
Precinct,668,228,203,*,*,*,*,*,431,431
Precinct,669,156,86,*,*,*,*,*,242,242
Precinct,670,327,132,*,*,*,*,*,459,459
Precinct,671,198,102,5,5,*,*,*,310,310
Precinct,672,83,81,*,*,*,*,*,164,164
Precinct,673,114,151,*,*,*,*,*,265,265
Precinct,674,177,129,8,*,*,*,*,314,314
Precinct,675,159,127,*,*,*,*,*,286,286
Precinct,676,164,158,*,6,*,*,*,328,328
Precinct,677,199,84,*,*,*,*,*,283,283
Precinct,678,118,94,*,*,*,*,*,212,212
Precinct,679,239,128,6,*,*,5,*,378,378
Precinct,680,222,162,6,5,*,*,*,395,395
Precinct,681,173,97,*,*,*,*,*,270,270
Precinct,682,216,199,*,8,7,*,*,430,430
Precinct,683,122,144,*,*,*,*,*,266,266
Precinct,684,76,110,*,*,*,*,*,186,186
Precinct,685,111,87,*,*,*,*,*,198,198
Precinct,686,213,176,5,*,*,*,*,394,394
Precinct,687,130,79,*,*,*,*,*,209,209
Precinct,Voter Privacy,0,0,950,991,955,745,277,3918,3918
County,Catron,571,1752,20,6,5,2,1,2357,2357
Precinct,1,94,276,6,*,*,*,*,376,376
Precinct,2,99,424,6,*,*,*,*,529,529
Precinct,3,102,194,*,*,*,*,*,296,296
Precinct,4,35,194,*,*,*,*,*,229,229
Precinct,5,72,184,*,*,*,*,*,256,256
Precinct,6,24,93,*,*,*,*,*,117,117
Precinct,7,93,227,*,*,*,*,*,320,320
Precinct,8,38,126,*,*,*,*,*,164,164
Precinct,9,14,34,*,*,*,*,*,48,48
Precinct,Voter Privacy,0,0,8,6,5,2,1,22,22
County,Chaves,5941,15894,203,45,57,44,16,22200,22200
Precinct,1,56,378,6,*,*,*,*,440,440
Precinct,2,117,299,*,*,*,*,*,416,416
Precinct,3,130,360,*,*,*,*,*,490,490
Precinct,4,135,294,5,*,*,*,*,434,434
Precinct,5,108,373,*,*,*,*,*,481,481
Precinct,6,131,354,6,*,*,*,*,491,491
Precinct,7,142,483,*,*,*,*,*,625,625
Precinct,8,121,431,5,*,*,*,*,557,557
Precinct,9,82,210,*,*,*,*,*,292,292
Precinct,10,92,564,6,*,*,*,*,662,662
Precinct,11,77,260,*,*,*,*,*,337,337
Precinct,12,46,400,*,*,*,*,*,446,446
Precinct,13,141,377,*,*,*,*,*,518,518
Precinct,14,156,289,10,*,*,*,*,455,455
Precinct,15,75,181,*,*,*,*,*,256,256
Precinct,16,84,210,*,*,*,*,*,294,294
Precinct,17,120,325,*,*,*,*,*,445,445
Precinct,18,91,273,*,*,*,*,*,364,364
Precinct,20,129,278,*,*,*,*,*,407,407
Precinct,21,176,473,*,*,*,*,*,649,649
Precinct,22,149,312,6,*,*,*,*,467,467
Precinct,23,107,217,*,*,*,*,*,324,324
Precinct,24,69,121,*,*,*,*,*,190,190
Precinct,25,95,138,*,*,*,*,*,233,233
Precinct,31,133,327,*,*,*,*,*,460,460
Precinct,32,77,143,*,*,*,*,*,220,220
Precinct,33,91,231,*,*,*,*,*,322,322
Precinct,34,79,141,*,*,*,*,*,220,220
Precinct,35,116,248,7,*,*,*,*,371,371
Precinct,36,108,467,5,*,*,*,*,580,580
Precinct,40,57,264,*,*,*,*,*,321,321
Precinct,41,163,394,5,*,*,*,*,562,562
Precinct,42,75,142,*,*,*,*,*,217,217
Precinct,43,93,142,*,*,*,*,*,235,235
Precinct,44,*,24,*,*,*,*,*,24,24
Precinct,45,*,13,*,*,*,*,*,13,13
Precinct,46,12,75,*,*,*,*,*,87,87
Precinct,47,*,*,*,*,*,*,*,0,0
Precinct,51,45,89,*,*,*,*,*,134,134
Precinct,52,103,234,*,*,*,*,*,337,337
Precinct,61,86,76,*,*,*,*,*,162,162
Precinct,62,106,130,*,*,*,*,*,236,236
Precinct,63,99,144,*,*,*,*,*,243,243
Precinct,64,147,160,*,*,*,*,*,307,307
Precinct,71,54,245,*,*,*,*,*,299,299
Precinct,72,104,251,*,*,*,*,*,355,355
Precinct,73,49,213,*,*,*,*,*,262,262
Precinct,74,50,138,*,*,*,*,*,188,188
Precinct,81,70,117,*,*,*,*,*,187,187
Precinct,82,99,204,*,*,*,*,*,303,303
Precinct,83,64,160,*,*,*,*,*,224,224
Precinct,84,119,319,8,*,*,*,*,446,446
Precinct,85,85,209,5,*,*,*,*,299,299
Precinct,90,89,172,*,*,*,*,*,261,261
Precinct,91,163,396,9,*,*,*,*,568,568
Precinct,92,70,205,*,*,*,*,*,275,275
Precinct,93,187,421,6,*,*,*,*,614,614
Precinct,94,89,153,*,*,*,*,*,242,242
Precinct,95,75,112,*,*,*,*,*,187,187
Precinct,101,122,389,5,*,*,*,*,516,516
Precinct,102,78,314,*,*,*,*,*,392,392
Precinct,103,42,188,*,*,*,*,*,230,230
Precinct,104,*,79,*,*,*,*,*,79,79
Precinct,105,48,241,*,*,*,*,*,289,289
Precinct,106,42,214,*,*,*,*,*,256,256
Precinct,Voter Privacy,6,4,102,45,57,44,16,274,274
County,Cibola,4450,4311,143,17,15,29,12,8977,8977
Precinct,1,12,129,*,*,*,*,*,141,141
Precinct,2,92,101,*,*,*,*,*,193,193
Precinct,3,28,38,*,*,*,*,*,66,66
Precinct,4,79,242,*,*,*,*,*,321,321
Precinct,5,365,222,12,*,*,*,*,599,599
Precinct,6,34,95,*,*,*,*,*,129,129
Precinct,7,148,280,7,*,*,*,*,435,435
Precinct,8,178,227,5,*,*,*,*,410,410
Precinct,9,230,263,*,*,*,6,*,499,499
Precinct,10,186,258,*,*,*,*,*,444,444
Precinct,11,264,312,7,*,*,*,*,583,583
Precinct,12,131,144,*,*,*,*,*,275,275
Precinct,13,84,130,*,*,*,*,*,214,214
Precinct,14,112,299,*,*,*,*,*,411,411
Precinct,15,95,268,5,*,*,*,*,368,368
Precinct,16,110,204,5,*,*,*,*,319,319
Precinct,17,465,60,12,*,*,*,*,537,537
Precinct,18,83,84,*,*,*,*,*,167,167
Precinct,19,84,194,8,*,*,*,*,286,286
Precinct,20,302,72,9,*,*,*,*,383,383
Precinct,21,135,38,5,*,*,*,*,178,178
Precinct,22,140,30,*,*,*,*,*,170,170
Precinct,23,31,14,*,*,*,*,*,45,45
Precinct,24,197,35,*,*,*,*,*,232,232
Precinct,25,103,33,*,*,*,*,*,136,136
Precinct,26,216,109,19,*,*,*,*,344,344
Precinct,27,52,113,*,*,*,*,*,165,165
Precinct,28,168,214,9,*,*,*,*,391,391
Precinct,29,220,46,7,*,*,*,*,273,273
Precinct,30,106,57,*,*,*,*,*,163,163
Precinct,Voter Privacy,0,0,33,17,15,23,12,100,100
County,Colfax,2436,3252,75,14,24,7,5,5813,5813
Precinct,1,164,235,*,*,*,*,*,399,399
Precinct,2,162,159,*,*,*,*,*,321,321
Precinct,3,117,132,*,*,*,*,*,249,249
Precinct,4,99,180,*,*,*,*,*,279,279
Precinct,5,172,206,*,*,*,*,*,378,378
Precinct,7,60,131,*,*,*,*,*,191,191
Precinct,8,271,342,6,*,9,*,*,628,628
Precinct,9,81,101,*,*,*,*,*,182,182
Precinct,10,21,59,*,*,*,*,*,80,80
Precinct,11,62,55,*,*,*,*,*,117,117
Precinct,12,80,102,*,*,*,*,*,182,182
Precinct,13,48,47,*,*,*,*,*,95,95
Precinct,14,59,89,6,*,*,*,*,154,154
Precinct,15,118,207,5,*,*,*,*,330,330
Precinct,16,209,294,10,*,*,*,*,513,513
Precinct,17,127,122,5,*,*,*,*,254,254
Precinct,18,36,44,*,*,*,*,*,80,80
Precinct,19,53,36,*,*,*,*,*,89,89
Precinct,20,122,118,*,*,*,*,*,240,240
Precinct,21,190,237,8,*,*,*,*,435,435
Precinct,22,185,356,5,*,*,*,*,546,546
Precinct,Voter Privacy,0,0,30,14,15,7,5,71,71
County,Curry,4230,10714,161,26,62,18,12,15223,15223
Precinct,1,9,97,*,*,*,*,*,106,106
Precinct,2,6,128,*,*,*,*,*,134,134
Precinct,3,17,132,*,*,*,*,*,149,149
Precinct,4,49,379,5,*,*,*,*,433,433
Precinct,5,56,176,*,*,*,*,*,232,232
Precinct,6,90,101,*,*,*,*,*,191,191
Precinct,7,167,125,*,*,*,*,*,292,292
Precinct,8,189,294,*,*,*,*,*,483,483
Precinct,9,176,231,7,*,*,*,*,414,414
Precinct,10,64,312,5,*,*,*,*,381,381
Precinct,11,159,378,6,*,*,*,*,543,543
Precinct,12,223,359,9,*,*,*,*,591,591
Precinct,13,123,227,*,*,*,*,*,350,350
Precinct,14,125,318,7,*,*,*,*,450,450
Precinct,15,171,302,6,*,*,*,*,479,479
Precinct,16,*,38,*,*,*,*,*,38,38
Precinct,17,141,441,5,*,*,*,*,587,587
Precinct,18,197,594,*,*,*,*,*,791,791
Precinct,19,109,270,*,*,*,*,*,379,379
Precinct,20,162,230,*,*,*,*,*,392,392
Precinct,21,84,172,*,*,*,*,*,256,256
Precinct,22,72,140,*,*,*,*,*,212,212
Precinct,23,77,310,*,*,*,*,*,387,387
Precinct,24,184,558,5,*,10,*,*,757,757
Precinct,25,89,83,*,*,*,*,*,172,172
Precinct,26,88,106,*,*,*,*,*,194,194
Precinct,27,41,73,*,*,*,*,*,114,114
Precinct,28,51,110,5,*,*,*,*,166,166
Precinct,29,128,176,5,*,*,*,*,309,309
Precinct,30,40,251,*,*,*,*,*,291,291
Precinct,31,104,247,5,*,*,*,*,356,356
Precinct,32,64,242,7,*,*,*,*,313,313
Precinct,33,107,361,5,*,*,*,*,473,473
Precinct,34,6,80,*,*,*,*,*,86,86
Precinct,35,77,534,*,*,5,*,*,616,616
Precinct,36,26,142,*,*,*,*,*,168,168
Precinct,37,168,508,*,*,*,*,*,676,676
Precinct,38,109,283,6,*,*,*,*,398,398
Precinct,39,107,385,6,*,*,*,*,498,498
Precinct,40,129,342,9,*,*,*,*,480,480
Precinct,41,59,115,*,*,*,*,*,174,174
Precinct,42,90,169,*,*,*,*,*,259,259
Precinct,43,96,195,*,*,*,*,*,291,291
Precinct,Voter Privacy,1,0,58,26,47,18,12,162,162
County,De Baca,206,649,12,2,2,0,3,874,874
Precinct,1,5,62,*,*,*,*,*,67,67
Precinct,2,71,341,6,*,*,*,*,418,418
Precinct,3,73,187,5,*,*,*,*,265,265
Precinct,4,57,59,*,*,*,*,*,116,116
Precinct,Voter Privacy,0,0,1,2,2,0,3,8,8
County,Dona Ana,45937,37594,857,387,306,234,92,85407,85407
Precinct,1,113,183,*,*,*,*,*,296,296
Precinct,2,119,161,*,*,*,*,*,280,280
Precinct,3,111,172,*,*,*,*,*,283,283
Precinct,4,300,243,7,*,*,*,*,550,550
Precinct,5,136,150,*,*,*,*,*,286,286
Precinct,6,149,202,8,*,*,*,*,359,359
Precinct,7,386,349,9,5,*,*,*,749,749
Precinct,8,170,131,*,*,*,*,*,301,301
Precinct,9,121,90,*,*,*,*,*,211,211
Precinct,10,96,61,*,*,*,*,*,157,157
Precinct,11,235,217,*,*,*,*,*,452,452
Precinct,12,159,123,7,*,*,*,*,289,289
Precinct,13,202,124,*,*,*,*,*,326,326
Precinct,14,232,288,6,*,*,*,*,526,526
Precinct,15,119,167,*,*,*,*,*,286,286
Precinct,16,302,194,5,*,*,*,*,501,501
Precinct,17,356,288,6,*,*,*,*,650,650
Precinct,18,403,215,6,5,*,*,*,629,629
Precinct,19,272,279,5,*,*,*,*,556,556
Precinct,20,343,334,10,*,*,*,*,687,687
Precinct,21,173,138,*,*,*,*,*,311,311
Precinct,22,387,405,10,6,*,*,*,808,808
Precinct,23,254,210,7,*,*,*,*,471,471
Precinct,24,343,225,10,*,*,*,*,578,578
Precinct,25,215,126,*,*,*,*,*,341,341
Precinct,26,250,185,7,5,*,5,*,452,452
Precinct,27,240,167,5,5,*,*,*,417,417
Precinct,28,328,164,8,*,*,*,*,500,500
Precinct,29,142,72,*,*,*,*,*,214,214
Precinct,30,257,136,*,*,*,*,*,393,393
Precinct,31,307,129,*,*,*,*,*,436,436
Precinct,32,59,38,*,*,*,*,*,97,97
Precinct,33,251,156,5,*,*,*,*,412,412
Precinct,34,205,124,*,*,*,*,*,329,329
Precinct,35,169,70,7,*,*,*,*,246,246
Precinct,36,102,63,*,*,*,*,*,165,165
Precinct,37,249,87,*,*,*,*,*,336,336
Precinct,38,138,99,*,*,*,*,*,237,237
Precinct,39,263,164,*,*,*,*,*,427,427
Precinct,40,319,247,5,6,5,*,*,582,582
Precinct,41,155,63,*,*,*,*,*,218,218
Precinct,42,140,73,*,*,*,*,*,213,213
Precinct,43,173,105,*,*,*,5,*,283,283
Precinct,44,192,133,*,*,*,*,*,325,325
Precinct,45,223,142,*,*,*,*,*,365,365
Precinct,46,148,98,*,*,*,*,*,246,246
Precinct,47,267,143,7,5,*,*,*,422,422
Precinct,48,317,148,8,*,*,*,*,473,473
Precinct,49,190,138,*,*,*,*,*,328,328
Precinct,50,153,69,6,*,*,*,*,228,228
Precinct,51,219,134,7,*,*,*,*,360,360
Precinct,52,280,175,6,*,*,*,*,461,461
Precinct,53,251,153,9,*,*,6,*,419,419
Precinct,54,133,55,*,5,*,*,*,193,193
Precinct,55,391,264,5,5,7,*,*,672,672
Precinct,56,253,139,*,*,*,*,*,392,392
Precinct,57,300,216,5,*,*,*,*,521,521
Precinct,58,225,99,*,*,*,*,*,324,324
Precinct,59,381,306,9,*,*,*,*,696,696
Precinct,60,46,105,*,*,*,*,*,151,151
Precinct,61,378,235,*,5,5,*,*,623,623
Precinct,62,210,234,*,*,*,*,*,444,444
Precinct,63,300,424,*,*,*,*,*,724,724
Precinct,64,140,186,*,*,*,*,*,326,326
Precinct,65,214,188,6,*,*,*,*,408,408
Precinct,66,249,292,*,*,*,*,*,541,541
Precinct,67,427,253,*,8,*,*,*,688,688
Precinct,68,215,136,*,*,*,*,*,351,351
Precinct,69,283,176,8,6,*,*,*,473,473
Precinct,70,220,135,8,*,*,*,*,363,363
Precinct,71,308,169,5,*,5,*,*,487,487
Precinct,72,125,122,*,*,*,*,*,247,247
Precinct,73,276,214,*,*,*,*,*,490,490
Precinct,74,179,279,*,*,*,*,*,458,458
Precinct,75,195,254,8,*,*,*,*,457,457
Precinct,76,162,173,5,*,*,*,*,340,340
Precinct,77,248,161,*,*,*,*,*,409,409
Precinct,78,301,246,6,*,*,*,*,553,553
Precinct,79,305,279,6,*,*,*,*,590,590
Precinct,80,167,100,*,*,*,*,*,267,267
Precinct,81,65,107,*,*,*,*,*,172,172
Precinct,82,255,166,6,*,*,*,*,427,427
Precinct,83,229,216,*,*,*,*,*,445,445
Precinct,84,236,300,9,*,*,*,*,545,545
Precinct,85,283,288,*,*,*,*,*,571,571
Precinct,86,347,298,12,*,*,*,*,657,657
Precinct,87,168,246,9,*,*,*,*,423,423
Precinct,88,129,96,*,*,*,*,*,225,225
Precinct,89,299,233,7,*,*,*,*,539,539
Precinct,90,338,218,5,*,*,*,*,561,561
Precinct,91,232,184,*,*,*,*,*,416,416
Precinct,92,104,50,*,*,*,*,*,154,154
Precinct,93,90,54,*,*,*,*,*,144,144
Precinct,94,202,94,*,*,*,*,*,296,296
Precinct,95,40,70,*,*,*,*,*,110,110
Precinct,96,319,409,7,*,*,*,*,735,735
Precinct,97,230,176,*,*,*,*,*,406,406
Precinct,98,206,278,*,*,*,*,*,484,484
Precinct,99,267,236,5,*,*,*,*,508,508
Precinct,100,234,282,*,*,*,*,*,516,516
Precinct,101,224,206,6,*,*,*,*,436,436
Precinct,102,300,231,7,*,*,*,*,538,538
Precinct,103,359,226,6,*,6,*,*,597,597
Precinct,104,250,130,*,*,*,*,*,380,380
Precinct,105,395,371,*,*,*,*,*,766,766
Precinct,106,318,244,7,6,5,*,*,580,580
Precinct,107,386,336,7,*,*,*,*,729,729
Precinct,108,170,157,*,5,*,*,*,332,332
Precinct,109,263,155,*,*,*,*,*,418,418
Precinct,110,402,286,*,*,*,*,*,688,688
Precinct,111,29,93,*,*,*,*,*,122,122
Precinct,112,311,283,*,*,*,*,*,594,594
Precinct,113,350,247,*,*,*,*,*,597,597
Precinct,114,254,208,*,*,*,*,*,462,462
Precinct,115,292,438,7,*,*,*,*,737,737
Precinct,116,351,315,8,*,5,*,*,679,679
Precinct,117,294,242,6,*,*,*,*,542,542
Precinct,118,248,244,*,*,*,*,*,492,492
Precinct,119,294,310,7,*,*,*,*,611,611
Precinct,120,32,44,*,*,*,*,*,76,76
Precinct,121,170,142,*,*,*,*,*,312,312
Precinct,122,264,286,13,*,*,*,*,563,563
Precinct,123,213,398,5,*,*,*,*,616,616
Precinct,124,248,280,6,*,5,*,*,539,539
Precinct,125,489,486,8,*,*,*,*,983,983
Precinct,126,336,250,8,6,*,*,*,600,600
Precinct,127,351,269,5,*,*,*,*,625,625
Precinct,128,245,287,6,*,*,*,*,538,538
Precinct,129,309,243,7,*,*,*,*,559,559
Precinct,130,357,388,15,*,5,*,*,765,765
Precinct,131,269,260,10,*,*,*,*,539,539
Precinct,132,194,182,*,*,*,*,*,376,376
Precinct,133,209,204,*,*,*,*,*,413,413
Precinct,134,200,208,*,*,*,*,*,408,408
Precinct,135,260,168,*,*,*,*,*,428,428
Precinct,136,223,193,11,*,*,*,*,427,427
Precinct,137,338,223,7,*,*,*,*,568,568
Precinct,138,203,143,*,*,*,*,*,346,346
Precinct,139,471,313,9,5,5,*,*,803,803
Precinct,140,287,239,7,*,*,*,*,533,533
Precinct,141,345,277,*,*,*,*,*,622,622
Precinct,142,178,172,*,*,*,*,*,350,350
Precinct,143,373,277,5,*,8,*,*,663,663
Precinct,144,168,116,*,5,*,*,*,289,289
Precinct,145,87,72,*,*,*,*,*,159,159
Precinct,146,230,278,7,*,*,*,*,515,515
Precinct,147,199,136,*,*,*,*,*,335,335
Precinct,148,375,209,*,*,5,*,*,589,589
Precinct,149,246,128,*,*,*,*,*,374,374
Precinct,150,278,179,6,5,*,*,*,468,468
Precinct,151,229,190,*,*,*,*,*,419,419
Precinct,152,273,211,5,*,5,*,*,494,494
Precinct,153,287,207,*,*,*,*,*,494,494
Precinct,154,243,152,*,*,*,*,*,395,395
Precinct,155,121,99,*,*,*,*,*,220,220
Precinct,156,155,82,*,*,*,*,*,237,237
Precinct,157,336,208,*,*,*,*,*,544,544
Precinct,158,213,127,*,*,*,*,*,340,340
Precinct,159,214,116,*,*,*,*,*,330,330
Precinct,160,130,92,*,*,*,*,*,222,222
Precinct,161,148,204,*,*,*,*,*,352,352
Precinct,162,514,418,9,*,*,*,*,941,941
Precinct,163,171,186,*,*,*,*,*,357,357
Precinct,164,272,182,*,*,*,*,*,454,454
Precinct,165,158,189,*,*,*,*,*,347,347
Precinct,166,304,289,*,7,*,*,*,600,600
Precinct,167,215,110,*,*,*,*,*,325,325
Precinct,168,213,160,*,*,*,*,*,373,373
Precinct,169,233,139,*,*,*,*,*,372,372
Precinct,170,341,182,*,*,*,*,*,523,523
Precinct,171,472,403,15,8,*,*,*,898,898
Precinct,172,488,400,10,*,*,*,*,898,898
Precinct,173,225,212,5,*,*,*,*,442,442
Precinct,174,211,155,5,*,*,*,*,371,371
Precinct,175,293,260,6,*,*,*,*,559,559
Precinct,176,412,332,9,*,*,*,*,753,753
Precinct,177,201,173,*,*,*,*,*,374,374
Precinct,178,238,217,*,5,*,*,*,460,460
Precinct,179,180,177,*,*,*,*,*,357,357
Precinct,180,120,112,*,*,*,*,*,232,232
Precinct,181,290,245,8,*,*,*,*,543,543
Precinct,182,261,249,*,*,*,*,*,510,510
Precinct,183,178,175,*,*,*,*,*,353,353
Precinct,184,161,148,*,*,*,*,*,309,309
Precinct,185,179,199,*,*,*,*,*,378,378
Precinct,186,180,117,5,*,*,*,*,302,302
Precinct,187,220,179,*,*,*,*,*,399,399
Precinct,188,170,195,*,*,*,*,*,365,365
Precinct,189,190,189,*,*,*,*,*,379,379
Precinct,190,274,151,8,*,*,*,*,433,433
Precinct,Voter Privacy,0,0,269,269,235,218,92,1083,1083
County,Eddy,5032,18141,169,40,59,18,13,23472,23472
Precinct,1,42,295,*,*,*,*,*,337,337
Precinct,2,43,274,*,*,*,*,*,317,317
Precinct,3,88,293,*,*,*,*,*,381,381
Precinct,4,91,424,*,*,*,*,*,515,515
Precinct,5,51,471,5,*,*,*,*,527,527
Precinct,6,62,420,*,*,*,*,*,482,482
Precinct,7,100,680,*,*,*,*,*,780,780
Precinct,8,56,591,*,*,*,*,*,647,647
Precinct,9,138,407,*,*,*,*,*,545,545
Precinct,10,210,258,10,*,*,*,*,478,478
Precinct,11,121,163,*,*,*,*,*,284,284
Precinct,12,50,58,*,*,*,*,*,108,108
Precinct,13,205,272,5,*,*,*,*,482,482
Precinct,14,104,136,*,*,*,*,*,240,240
Precinct,15,155,324,*,*,*,*,*,479,479
Precinct,16,157,425,6,*,*,*,*,588,588
Precinct,17,167,450,*,*,*,*,*,617,617
Precinct,18,160,400,5,*,*,*,*,565,565
Precinct,19,134,344,5,*,*,*,*,483,483
Precinct,20,105,304,*,*,*,*,*,409,409
Precinct,21,96,192,*,*,*,*,*,288,288
Precinct,22,157,324,5,*,*,*,*,486,486
Precinct,23,141,304,*,*,*,*,*,445,445
Precinct,24,74,481,5,*,*,*,*,560,560
Precinct,25,64,172,*,*,*,*,*,236,236
Precinct,26,101,326,*,*,*,*,*,427,427
Precinct,27,88,257,*,*,*,*,*,345,345
Precinct,28,106,363,5,*,*,*,*,474,474
Precinct,29,*,39,*,*,*,*,*,39,39
Precinct,30,9,58,*,*,*,*,*,67,67
Precinct,31,95,358,*,*,*,*,*,453,453
Precinct,32,166,343,*,*,*,*,*,509,509
Precinct,33,82,325,*,*,*,*,*,407,407
Precinct,34,105,501,*,*,*,*,*,606,606
Precinct,35,115,550,5,*,*,*,*,670,670
Precinct,36,77,558,*,*,*,*,*,635,635
Precinct,37,59,383,*,*,*,*,*,442,442
Precinct,38,25,93,*,*,*,*,*,118,118
Precinct,39,42,299,*,*,*,*,*,341,341
Precinct,40,6,100,*,*,*,*,*,106,106
Precinct,41,54,379,*,*,*,*,*,433,433
Precinct,42,*,30,*,*,*,*,*,30,30
Precinct,43,47,347,*,*,*,*,*,394,394
Precinct,44,121,285,*,*,*,*,*,406,406
Precinct,45,94,327,*,*,*,*,*,421,421
Precinct,46,53,393,*,*,*,*,*,446,446
Precinct,47,97,277,*,*,*,*,*,374,374
Precinct,48,95,283,*,*,*,*,*,378,378
Precinct,49,44,243,*,*,*,*,*,287,287
Precinct,50,104,490,*,*,*,*,*,594,594
Precinct,51,108,582,7,*,*,*,*,697,697
Precinct,52,188,856,5,*,5,*,*,1054,1054
Precinct,53,67,288,5,*,*,*,*,360,360
Precinct,54,106,346,*,*,*,*,*,452,452
Precinct,Voter Privacy,7,0,96,40,54,18,13,228,228
County,Grant,7301,6580,140,111,53,27,12,14224,14224
Precinct,1,70,310,*,*,*,*,*,380,380
Precinct,2,158,231,*,*,*,*,*,389,389
Precinct,3,23,8,*,*,*,*,*,31,31
Precinct,4,45,43,*,*,*,*,*,88,88
Precinct,5,287,414,6,5,*,*,*,712,712
Precinct,6,16,26,*,*,*,*,*,42,42
Precinct,7,192,175,7,*,*,*,*,374,374
Precinct,8,219,318,8,*,*,*,*,545,545
Precinct,9,111,77,*,*,*,*,*,188,188
Precinct,10,85,85,*,*,*,*,*,170,170
Precinct,11,211,359,*,*,*,*,*,570,570
Precinct,12,321,308,6,5,*,*,*,640,640
Precinct,13,247,248,*,5,*,*,*,500,500
Precinct,14,391,242,9,9,*,*,*,651,651
Precinct,15,356,253,*,6,*,*,*,615,615
Precinct,16,309,238,8,5,*,*,*,560,560
Precinct,17,119,148,5,*,*,*,*,272,272
Precinct,18,262,93,5,8,*,*,*,368,368
Precinct,19,209,104,*,*,*,*,*,313,313
Precinct,20,394,143,*,8,*,*,*,545,545
Precinct,21,119,31,*,*,*,*,*,150,150
Precinct,22,360,220,5,5,*,*,*,590,590
Precinct,23,95,104,*,*,*,*,*,199,199
Precinct,24,118,110,*,*,*,*,*,228,228
Precinct,25,203,99,*,*,*,*,*,302,302
Precinct,26,155,118,*,*,*,*,*,273,273
Precinct,27,143,79,*,*,*,*,*,222,222
Precinct,28,229,124,5,*,*,*,*,358,358
Precinct,29,169,128,5,*,*,*,*,302,302
Precinct,30,161,261,*,*,*,*,*,422,422
Precinct,31,*,33,*,*,*,*,*,33,33
Precinct,32,100,45,*,*,*,*,*,145,145
Precinct,33,136,203,7,*,*,*,*,346,346
Precinct,34,205,136,7,*,*,*,*,348,348
Precinct,35,12,45,*,*,*,*,*,57,57
Precinct,36,185,209,6,*,*,*,*,400,400
Precinct,37,155,243,*,*,7,*,*,405,405
Precinct,38,405,317,*,12,*,*,*,734,734
Precinct,39,323,252,*,6,*,*,*,581,581
Precinct,Voter Privacy,3,0,51,37,46,27,12,176,176
County,Guadalupe,959,945,24,3,0,4,3,1938,1938
Precinct,1,333,307,7,*,*,*,*,647,647
Precinct,2,146,139,*,*,*,*,*,285,285
Precinct,3,211,277,*,*,*,*,*,488,488
Precinct,4,89,74,*,*,*,*,*,163,163
Precinct,5,180,148,7,*,*,*,*,335,335
Precinct,Voter Privacy,0,0,10,3,0,4,3,20,20
County,Harding,128,297,2,3,0,0,1,431,431
Precinct,1,37,107,*,*,*,*,*,144,144
Precinct,2,91,157,*,*,*,*,*,248,248
Precinct,3,*,33,*,*,*,*,*,33,33
Precinct,Voter Privacy,0,0,2,3,0,0,1,6,6
County,Hidalgo,705,1140,16,0,0,1,0,1862,1862
Precinct,1 - Lordsburg West,114,169,*,*,*,*,*,283,283
Precinct,2 - Lordsburg Central,106,94,*,*,*,*,*,200,200
Precinct,3 - Lordsburg East,*,*,*,*,*,*,*,0,0
Precinct,4 - Virden,24,165,*,*,*,*,*,189,189
Precinct,5 - Rodeo,64,73,*,*,*,*,*,137,137
Precinct,6 - Animas,13,136,*,*,*,*,*,149,149
Precinct,7 - Lordsburg Northwest,25,52,*,*,*,*,*,77,77
Precinct,8 - South Animas/South Lordsburg,50,117,*,*,*,*,*,167,167
Precinct,9 - Animas Central,7,77,*,*,*,*,*,84,84
Precinct,10 - Lordsburg Northeast,84,56,*,*,*,*,*,140,140
Precinct,11 - Lordsburg Southwest,201,141,*,*,*,*,*,342,342
Precinct,12 - Lordsburg,17,60,*,*,*,*,*,77,77
Precinct,Voter Privacy,0,0,16,0,0,1,0,17,17
County,Lea,3930,16997,157,31,42,35,17,21209,21209
Precinct,2,*,22,*,*,*,*,*,22,22
Precinct,3,52,465,*,*,*,6,*,523,523
Precinct,8,57,232,6,*,*,*,*,295,295
Precinct,9,64,396,*,*,*,*,*,460,460
Precinct,10,92,627,*,*,*,*,*,719,719
Precinct,11,80,262,*,*,*,*,*,342,342
Precinct,12,57,193,*,*,*,*,*,250,250
Precinct,13,87,437,8,*,*,*,*,532,532
Precinct,14,111,370,5,*,*,*,*,486,486
Precinct,15,70,446,8,*,*,*,*,524,524
Precinct,16,78,150,5,*,*,*,*,233,233
Precinct,17,58,229,*,*,*,*,*,287,287
Precinct,18,38,284,*,*,*,*,*,322,322
Precinct,19,63,385,*,*,*,*,*,448,448
Precinct,20,99,461,*,*,*,*,*,560,560
Precinct,21,20,243,*,*,*,*,*,263,263
Precinct,22,86,442,*,*,*,*,*,528,528
Precinct,23,78,316,6,*,*,*,*,400,400
Precinct,24,66,357,*,*,*,*,*,423,423
Precinct,25,68,371,*,*,*,*,*,439,439
Precinct,26,71,427,*,*,*,*,*,498,498
Precinct,27,77,573,*,*,*,*,*,650,650
Precinct,28,71,276,*,*,*,*,*,347,347
Precinct,29,99,419,*,*,*,*,*,518,518
Precinct,30,67,244,*,*,*,*,*,311,311
Precinct,31,125,409,*,*,*,*,*,534,534
Precinct,32,94,345,*,*,*,*,*,439,439
Precinct,33,107,358,5,*,*,*,*,470,470
Precinct,34,56,121,*,*,*,*,*,177,177
Precinct,35,56,146,*,*,*,*,*,202,202
Precinct,36,107,251,*,*,*,*,*,358,358
Precinct,37,68,412,*,*,*,*,*,480,480
Precinct,38,63,315,*,*,*,*,*,378,378
Precinct,39,39,283,*,*,*,*,*,322,322
Precinct,40,105,363,5,*,*,*,*,473,473
Precinct,41,119,377,*,*,*,*,*,496,496
Precinct,42,71,356,*,*,*,*,*,427,427
Precinct,43,128,452,7,*,*,*,*,587,587
Precinct,44,88,308,7,5,*,*,*,408,408
Precinct,50,18,142,*,*,*,*,*,160,160
Precinct,51,70,139,*,*,*,*,*,209,209
Precinct,52,68,184,*,*,*,*,*,252,252
Precinct,53,135,155,*,*,*,*,*,290,290
Precinct,54,57,163,*,*,*,*,*,220,220
Precinct,55,50,117,*,*,*,*,*,167,167
Precinct,56,31,314,*,*,*,*,*,345,345
Precinct,57,61,481,*,*,*,*,*,542,542
Precinct,58,90,58,*,*,*,*,*,148,148
Precinct,59,30,49,*,*,*,*,*,79,79
Precinct,61,115,248,*,*,*,*,*,363,363
Precinct,62,26,217,*,*,*,*,*,243,243
Precinct,71,80,436,*,*,*,*,*,516,516
Precinct,72,75,549,8,*,*,*,*,632,632
Precinct,73,62,378,*,*,*,*,*,440,440
Precinct,74,26,244,*,*,*,*,*,270,270
Precinct,Voter Privacy,1,0,87,26,42,29,17,202,202
County,Lincoln,3033,6942,89,32,48,16,5,10165,10165
Precinct,1,42,175,*,*,*,*,*,217,217
Precinct,2,98,110,*,*,*,*,*,208,208
Precinct,3,121,363,6,*,*,*,*,490,490
Precinct,4,124,313,5,*,*,*,*,442,442
Precinct,5,104,313,*,*,*,*,*,417,417
Precinct,6,248,449,7,*,*,*,*,704,704
Precinct,7,145,271,*,*,*,*,*,416,416
Precinct,8,89,184,*,*,*,*,*,273,273
Precinct,9,157,271,8,*,*,*,*,436,436
Precinct,10,79,149,*,*,*,*,*,228,228
Precinct,11,183,336,6,*,*,*,*,525,525
Precinct,12,83,272,*,*,*,*,*,355,355
Precinct,13,137,205,5,*,*,*,*,347,347
Precinct,14,126,420,*,*,*,*,*,546,546
Precinct,15,48,195,*,*,*,*,*,243,243
Precinct,16,50,83,*,*,*,*,*,133,133
Precinct,17,63,290,*,*,*,*,*,353,353
Precinct,18,71,102,*,*,*,*,*,173,173
Precinct,19,41,172,*,*,*,*,*,213,213
Precinct,20,79,172,*,*,5,*,*,256,256
Precinct,21,185,365,*,*,6,*,*,556,556
Precinct,22,50,113,*,*,*,*,*,163,163
Precinct,23,33,127,*,*,*,*,*,160,160
Precinct,24,138,214,*,*,*,*,*,352,352
Precinct,25,191,263,5,*,*,*,*,459,459
Precinct,26,164,467,7,*,7,*,*,645,645
Precinct,27,33,166,*,*,*,*,*,199,199
Precinct,28,8,84,*,*,*,*,*,92,92
Precinct,29,143,298,*,5,5,*,*,451,451
Precinct,Voter Privacy,0,0,40,27,25,16,5,113,113
County,Los Alamos,7726,4047,121,70,175,21,27,12187,12187
Precinct,1,407,229,*,*,7,*,*,643,643
Precinct,2,315,240,*,*,10,*,*,565,565
Precinct,3,304,188,*,*,5,*,*,497,497
Precinct,4,275,171,5,*,6,*,*,457,457
Precinct,5,242,167,5,*,12,*,*,426,426
Precinct,6,195,113,*,*,6,*,*,314,314
Precinct,7,327,223,9,*,7,*,*,566,566
Precinct,8,353,192,9,*,11,*,*,565,565
Precinct,9,398,231,8,*,15,*,*,652,652
Precinct,10,334,120,7,6,7,*,*,474,474
Precinct,11,345,188,5,*,9,*,*,547,547
Precinct,12,130,84,*,*,*,*,*,214,214
Precinct,13,377,260,14,*,13,*,*,664,664
Precinct,14,414,183,5,*,5,*,*,607,607
Precinct,15,366,152,*,*,10,*,*,528,528
Precinct,16,428,216,*,*,5,*,*,649,649
Precinct,17,453,181,7,*,18,*,*,659,659
Precinct,18,238,94,*,*,6,*,*,338,338
Precinct,19,331,130,*,9,*,*,*,470,470
Precinct,20,247,93,*,*,*,*,*,340,340
Precinct,21,347,151,*,*,*,*,*,498,498
Precinct,22,469,217,12,10,7,*,*,715,715
Precinct,23,431,224,5,*,8,*,*,668,668
Precinct,Voter Privacy,0,0,30,45,8,21,27,131,131
County,Luna,3176,4698,96,29,28,20,9,8056,8056
Precinct,1,90,145,*,*,*,*,*,235,235
Precinct,2,194,384,12,*,*,*,*,590,590
Precinct,3,178,283,*,*,*,*,*,461,461
Precinct,4,241,241,*,*,*,*,*,482,482
Precinct,5,156,250,*,*,*,*,*,406,406
Precinct,6,247,263,9,*,*,*,*,519,519
Precinct,7,187,229,10,*,*,*,*,426,426
Precinct,8,258,243,5,*,*,*,*,506,506
Precinct,9,234,299,*,*,*,*,*,533,533
Precinct,10,113,244,5,*,*,*,*,362,362
Precinct,11,197,218,9,*,*,*,*,424,424
Precinct,12,246,288,6,*,*,*,*,540,540
Precinct,13,208,432,6,*,6,*,*,652,652
Precinct,14,229,373,9,*,*,*,*,611,611
Precinct,15,48,73,*,*,*,*,*,121,121
Precinct,16,143,324,*,*,*,*,*,467,467
Precinct,17,134,212,*,*,*,*,*,346,346
Precinct,18,73,197,5,*,*,*,*,275,275
Precinct,Voter Privacy,0,0,20,29,22,20,9,100,100
County,McKinley,15711,9364,501,104,69,72,46,25867,25867
Precinct,1,381,133,10,*,*,*,*,524,524
Precinct,2,123,79,9,*,*,*,*,211,211
Precinct,3,87,29,*,*,*,*,*,116,116
Precinct,4,287,116,8,*,*,*,*,411,411
Precinct,5,452,166,12,*,*,*,*,630,630
Precinct,6,404,179,16,*,*,*,*,599,599
Precinct,7,437,147,6,*,*,*,*,590,590
Precinct,8,206,69,*,*,*,*,*,275,275
Precinct,9,374,166,11,*,*,*,*,551,551
Precinct,10,376,107,8,*,*,*,*,491,491
Precinct,11,79,72,6,*,*,*,*,157,157
Precinct,12,39,22,*,*,*,*,*,61,61
Precinct,13,112,106,6,*,*,*,*,224,224
Precinct,14,285,309,22,*,*,*,*,616,616
Precinct,15,222,185,5,*,*,*,*,412,412
Precinct,16,260,222,10,*,*,*,*,492,492
Precinct,17,270,319,13,*,*,*,*,602,602
Precinct,18,106,47,*,*,*,*,*,153,153
Precinct,19,451,252,20,*,*,*,*,723,723
Precinct,20,373,261,15,*,*,*,*,649,649
Precinct,21,294,186,13,*,*,*,*,493,493
Precinct,22,153,112,7,*,*,*,*,272,272
Precinct,23,317,198,12,*,*,*,*,527,527
Precinct,24,325,208,12,*,*,*,*,545,545
Precinct,25,279,173,17,*,*,*,*,469,469
Precinct,26,128,230,5,*,*,*,*,363,363
Precinct,27,361,23,*,*,*,*,*,384,384
Precinct,28,345,43,*,*,*,*,*,388,388
Precinct,29,420,44,8,*,*,*,*,472,472
Precinct,30,324,52,13,*,*,*,*,389,389
Precinct,31,259,208,10,*,*,*,*,477,477
Precinct,32,133,83,*,*,*,*,*,216,216
Precinct,33,327,219,10,*,*,*,*,556,556
Precinct,34,132,94,5,*,*,*,*,231,231
Precinct,35,145,117,*,5,*,*,*,267,267
Precinct,36,72,28,*,*,*,*,*,100,100
Precinct,37,71,42,*,*,*,*,*,113,113
Precinct,38,119,106,*,*,*,*,*,225,225
Precinct,39,178,146,11,*,*,*,*,335,335
Precinct,40,113,93,*,*,*,*,*,206,206
Precinct,41,218,158,*,*,*,*,*,376,376
Precinct,42,94,78,*,*,*,*,*,172,172
Precinct,43,318,295,8,6,*,*,*,627,627
Precinct,44,124,137,5,*,*,*,*,266,266
Precinct,45,181,195,6,*,*,*,*,382,382
Precinct,46,204,215,5,*,*,*,*,424,424
Precinct,47,123,84,*,*,*,*,*,207,207
Precinct,48,259,169,6,*,*,*,*,434,434
Precinct,49,177,141,*,*,*,*,*,318,318
Precinct,50,62,78,5,*,*,*,*,145,145
Precinct,51,165,97,8,*,*,*,*,270,270
Precinct,52,73,122,*,*,*,*,*,195,195
Precinct,53,318,140,7,*,*,*,*,465,465
Precinct,54,325,252,6,*,*,*,*,583,583
Precinct,55,251,112,5,*,*,*,*,368,368
Precinct,56,191,214,5,*,*,*,*,410,410
Precinct,57,217,136,12,*,*,*,*,365,365
Precinct,58,258,228,*,*,*,*,*,486,486
Precinct,59,99,84,*,5,*,*,*,188,188
Precinct,60,130,70,*,*,*,*,*,200,200
Precinct,61,132,57,5,*,*,*,*,194,194
Precinct,62,129,81,7,*,*,*,*,217,217
Precinct,63,177,138,10,*,*,*,*,325,325
Precinct,64,400,54,*,*,*,*,*,454,454
Precinct,65,203,176,17,5,*,*,*,401,401
Precinct,66,336,36,7,*,*,*,*,379,379
Precinct,67,72,15,*,*,*,*,*,87,87
Precinct,68,201,83,14,*,*,*,*,298,298
Precinct,69,126,109,*,*,*,*,*,235,235
Precinct,70,266,166,6,*,*,*,*,438,438
Precinct,71,63,53,5,*,*,*,*,121,121
Precinct,Voter Privacy,0,0,52,83,69,72,46,322,322
County,Mora,1439,1010,17,6,7,4,4,2487,2487
Precinct,1,266,186,*,*,*,*,*,452,452
Precinct,2,262,152,*,*,*,*,*,414,414
Precinct,3,129,132,*,*,*,*,*,261,261
Precinct,4,127,82,*,*,*,*,*,209,209
Precinct,5,150,71,*,*,*,*,*,221,221
Precinct,6,62,58,*,*,*,*,*,120,120
Precinct,7,86,65,*,*,*,*,*,151,151
Precinct,8,140,101,*,*,*,*,*,241,241
Precinct,9,46,39,*,*,*,*,*,85,85
Precinct,10,74,60,*,*,*,*,*,134,134
Precinct,11,97,64,*,*,*,*,*,161,161
Precinct,Voter Privacy,0,0,17,6,7,4,4,38,38
County,Otero,8582,15117,299,87,104,35,18,24242,24242
Precinct,1,70,84,*,*,*,*,*,154,154
Precinct,2,*,20,*,*,*,*,*,20,20
Precinct,3,*,25,*,*,*,*,*,25,25
Precinct,4,*,55,*,*,*,*,*,55,55
Precinct,5,52,211,*,*,*,*,*,263,263
Precinct,6,12,117,*,*,*,*,*,129,129
Precinct,7,36,227,*,*,5,*,*,268,268
Precinct,8,221,462,7,*,*,*,*,690,690
Precinct,9,170,399,6,*,*,*,*,575,575
Precinct,10,112,372,*,*,*,*,*,484,484
Precinct,11,231,99,6,*,*,*,*,336,336
Precinct,12,230,513,10,*,*,*,*,753,753
Precinct,13,215,294,11,*,*,*,*,520,520
Precinct,14,174,251,*,*,*,*,*,425,425
Precinct,15,132,436,6,*,5,*,*,579,579
Precinct,16,55,95,*,*,*,*,*,150,150
Precinct,17,159,318,6,*,*,*,*,483,483
Precinct,18,91,273,*,*,*,*,*,364,364
Precinct,19,126,84,*,*,*,*,*,210,210
Precinct,20,105,94,*,*,*,*,*,199,199
Precinct,21,170,399,*,*,6,*,*,575,575
Precinct,22,120,163,*,*,*,*,*,283,283
Precinct,23,143,207,*,*,*,*,*,350,350
Precinct,24,193,339,5,*,*,*,*,537,537
Precinct,25,171,343,7,*,*,*,*,521,521
Precinct,26,175,227,8,*,*,*,*,410,410
Precinct,27,194,318,*,*,*,*,*,512,512
Precinct,28,74,236,7,*,*,*,*,317,317
Precinct,29,164,262,*,*,*,*,*,426,426
Precinct,30,137,200,5,*,*,*,*,342,342
Precinct,31,137,158,12,*,*,*,*,307,307
Precinct,32,177,156,*,*,*,*,*,333,333
Precinct,33,199,199,10,*,*,*,*,408,408
Precinct,34,109,203,*,*,*,*,*,312,312
Precinct,35,112,294,6,*,*,*,*,412,412
Precinct,36,308,447,7,*,*,*,*,762,762
Precinct,37,149,213,8,*,*,*,*,370,370
Precinct,38,50,86,*,*,*,*,*,136,136
Precinct,39,168,327,7,*,*,*,*,502,502
Precinct,40,150,289,*,*,*,*,*,439,439
Precinct,41,95,104,*,*,*,*,*,199,199
Precinct,42,147,148,6,*,*,*,*,301,301
Precinct,43,68,61,*,*,*,*,*,129,129
Precinct,44,131,104,*,*,*,*,*,235,235
Precinct,45,85,82,*,*,*,*,*,167,167
Precinct,46,122,97,*,*,*,*,*,219,219
Precinct,47,171,179,*,*,*,*,*,350,350
Precinct,48,222,279,8,*,*,*,*,509,509
Precinct,49,206,502,8,*,*,*,*,716,716
Precinct,50,193,189,10,*,*,*,*,392,392
Precinct,51,215,343,7,6,*,*,*,571,571
Precinct,52,122,307,6,*,*,*,*,435,435
Precinct,53,137,282,*,*,*,*,*,419,419
Precinct,54,126,331,*,*,*,*,*,457,457
Precinct,55,104,459,8,*,*,*,*,571,571
Precinct,56,198,108,8,*,*,*,*,314,314
Precinct,57,138,424,6,*,*,*,*,568,568
Precinct,58,8,52,*,*,*,*,*,60,60
Precinct,59,88,182,*,*,*,*,*,270,270
Precinct,60,82,250,7,*,*,*,*,339,339
Precinct,61,106,198,*,*,*,*,*,304,304
Precinct,62,154,289,5,*,*,*,*,448,448
Precinct,63,113,221,*,*,*,*,*,334,334
Precinct,64,114,139,6,*,*,*,*,259,259
Precinct,65,125,256,*,*,6,*,*,387,387
Precinct,66,15,36,*,*,*,*,*,51,51
Precinct,Voter Privacy,6,0,80,81,82,35,18,302,302
County,Quay,1055,2570,51,8,8,4,8,3704,3704
Precinct,1,7,102,*,*,*,*,*,109,109
Precinct,2,*,60,*,*,*,*,*,60,60
Precinct,3,40,196,*,*,*,*,*,236,236
Precinct,4,*,70,*,*,*,*,*,70,70
Precinct,5,92,575,10,*,*,*,*,677,677
Precinct,6,59,264,*,*,*,*,*,323,323
Precinct,7,202,180,9,*,*,*,*,391,391
Precinct,8,71,120,*,*,*,*,*,191,191
Precinct,9,197,290,11,*,*,*,*,498,498
Precinct,10,109,112,5,*,*,*,*,226,226
Precinct,11,175,357,*,*,*,*,*,532,532
Precinct,12,96,244,*,*,*,*,*,340,340
Precinct,Voter Privacy,7,0,16,8,8,4,8,51,51
County,Rio Arriba,9373,6268,178,80,29,50,11,15989,15989
Precinct,1,348,136,11,*,*,*,*,495,495
Precinct,2,198,74,7,*,*,*,*,279,279
Precinct,3,51,35,*,*,*,*,*,86,86
Precinct,4,308,321,7,*,*,*,*,636,636
Precinct,5,*,*,*,*,*,*,*,0,0
Precinct,10,135,129,*,*,*,*,*,264,264
Precinct,11,184,206,5,*,*,*,*,395,395
Precinct,12,37,28,*,*,*,*,*,65,65
Precinct,13,50,22,*,*,*,*,*,72,72
Precinct,14,20,8,*,*,*,*,*,28,28
Precinct,21,9,7,*,*,*,*,*,16,16
Precinct,22,30,113,*,*,*,*,*,143,143
Precinct,23,49,116,*,*,*,*,*,165,165
Precinct,24,112,108,*,*,*,*,*,220,220
Precinct,25,104,88,*,*,*,*,*,192,192
Precinct,26,301,149,5,9,*,*,*,464,464
Precinct,27,323,137,*,*,*,*,*,460,460
Precinct,28,70,56,*,*,*,*,*,126,126
Precinct,35,27,26,*,*,*,*,*,53,53
Precinct,36,212,270,*,*,*,*,*,482,482
Precinct,37,271,248,*,*,*,*,*,519,519
Precinct,38,462,304,9,10,*,*,*,785,785
Precinct,39,156,121,*,*,*,*,*,277,277
Precinct,40,106,71,*,*,*,*,*,177,177
Precinct,45,284,193,*,*,*,*,*,477,477
Precinct,46,76,53,*,*,*,*,*,129,129
Precinct,47,156,94,*,*,*,*,*,250,250
Precinct,48,313,98,*,11,*,*,*,422,422
Precinct,49,129,31,5,*,*,*,*,165,165
Precinct,56,254,130,*,*,*,*,*,384,384
Precinct,57,356,186,*,*,*,*,*,542,542
Precinct,58,187,155,7,*,*,*,*,349,349
Precinct,59,437,114,5,*,*,*,*,556,556
Precinct,60,390,94,8,*,*,*,*,492,492
Precinct,61,157,115,*,*,*,*,*,272,272
Precinct,62,121,83,*,*,*,*,*,204,204
Precinct,63,349,232,14,*,*,*,*,595,595
Precinct,64,287,224,5,*,*,*,*,516,516
Precinct,65,301,161,5,*,*,*,*,467,467
Precinct,66,191,181,5,*,*,*,*,377,377
Precinct,67,267,247,6,*,*,*,*,520,520
Precinct,68,243,189,*,*,*,*,*,432,432
Precinct,69,405,305,*,*,*,*,*,710,710
Precinct,70,328,299,*,*,*,*,*,627,627
Precinct,71,231,120,5,*,*,*,*,356,356
Precinct,72,81,57,*,*,*,*,*,138,138
Precinct,73,165,104,*,*,*,*,*,269,269
Precinct,74,101,28,*,*,*,*,*,129,129
Precinct,Voter Privacy,1,2,69,50,29,50,11,212,212
County,Roosevelt,1820,4687,68,14,30,14,6,6639,6639
Precinct,1,100,203,*,*,*,*,*,303,303
Precinct,2,136,362,*,*,*,*,*,498,498
Precinct,3,5,45,*,*,*,*,*,50,50
Precinct,4,22,207,*,*,*,*,*,229,229
Precinct,5,16,189,*,*,*,*,*,205,205
Precinct,6,15,242,*,*,*,*,*,257,257
Precinct,7,75,106,*,*,*,*,*,181,181
Precinct,8,184,160,7,*,*,*,*,351,351
Precinct,9,141,268,*,*,*,*,*,409,409
Precinct,10,102,183,*,*,*,*,*,285,285
Precinct,11,63,234,*,*,*,*,*,297,297
Precinct,12,160,236,5,*,*,*,*,401,401
Precinct,13,63,89,*,*,*,*,*,152,152
Precinct,14,175,297,*,*,5,*,*,477,477
Precinct,15,68,151,*,*,5,*,*,224,224
Precinct,16,60,119,*,*,*,*,*,179,179
Precinct,17,67,301,*,*,*,*,*,368,368
Precinct,18,73,390,8,*,*,*,*,471,471
Precinct,19,87,316,*,*,*,*,*,403,403
Precinct,20,102,302,*,*,*,*,*,404,404
Precinct,21,106,287,8,*,*,*,*,401,401
Precinct,Voter Privacy,0,0,40,14,20,14,6,94,94
County,San Juan,17464,34264,746,125,192,71,64,52926,52926
Precinct,1,356,196,5,*,*,*,*,557,557
Precinct,2,430,176,14,*,*,*,*,620,620
Precinct,3,341,215,14,*,*,*,*,570,570
Precinct,4,434,218,21,*,*,*,*,673,673
Precinct,5,377,230,23,*,*,*,*,630,630
Precinct,6,156,105,5,*,*,*,*,266,266
Precinct,7,202,68,8,*,*,*,*,278,278
Precinct,8,252,123,11,*,*,*,*,386,386
Precinct,9,146,42,*,*,*,*,*,188,188
Precinct,10,263,109,11,*,*,*,*,383,383
Precinct,11,202,132,13,*,*,*,*,347,347
Precinct,12,182,81,13,*,*,*,*,276,276
Precinct,13,378,114,13,*,*,*,*,505,505
Precinct,14,127,56,5,*,*,*,*,188,188
Precinct,15,152,163,*,*,*,*,*,315,315
Precinct,16,248,295,22,*,*,*,*,565,565
Precinct,17,75,59,*,*,*,*,*,134,134
Precinct,18,276,340,32,*,*,*,*,648,648
Precinct,19,117,100,6,*,*,*,*,223,223
Precinct,20,266,243,*,*,*,*,*,509,509
Precinct,21,233,460,12,*,6,*,*,711,711
Precinct,22,270,388,15,*,*,*,*,673,673
Precinct,23,202,406,10,*,*,*,*,618,618
Precinct,24,111,285,*,*,*,*,*,396,396
Precinct,25,145,374,7,*,*,*,*,526,526
Precinct,26,173,266,5,*,*,*,*,444,444
Precinct,27,285,413,10,*,*,*,*,708,708
Precinct,28,154,346,8,*,*,*,*,508,508
Precinct,29,149,206,*,*,*,*,*,355,355
Precinct,30,192,561,10,*,*,*,*,763,763
Precinct,31,99,314,*,*,*,*,*,413,413
Precinct,32,101,187,*,*,*,*,*,288,288
Precinct,33,190,350,6,*,*,*,*,546,546
Precinct,34,160,248,*,*,*,*,*,408,408
Precinct,35,146,271,*,*,*,*,*,417,417
Precinct,36,123,308,*,*,*,*,*,431,431
Precinct,37,142,302,*,*,*,*,*,444,444
Precinct,38,220,547,14,*,*,*,*,781,781
Precinct,39,199,550,11,*,*,*,*,760,760
Precinct,40,201,421,5,*,*,*,*,627,627
Precinct,41,156,557,*,6,*,*,*,719,719
Precinct,42,142,542,9,*,*,*,*,693,693
Precinct,43,157,387,*,*,*,*,*,544,544
Precinct,44,194,453,7,*,*,*,*,654,654
Precinct,45,224,448,5,*,*,*,*,677,677
Precinct,46,172,503,9,*,*,*,*,684,684
Precinct,47,115,381,*,*,5,*,*,501,501
Precinct,48,81,313,*,*,*,*,*,394,394
Precinct,49,188,542,8,*,*,*,*,738,738
Precinct,50,263,499,14,*,6,*,*,782,782
Precinct,51,196,436,*,*,*,*,*,632,632
Precinct,52,75,268,5,*,*,*,*,348,348
Precinct,53,125,265,5,*,*,*,*,395,395
Precinct,54,100,316,5,*,*,*,*,421,421
Precinct,55,146,501,5,*,*,*,*,652,652
Precinct,56,140,443,6,*,*,*,*,589,589
Precinct,57,134,692,*,*,6,*,*,832,832
Precinct,58,104,482,*,*,*,*,*,586,586
Precinct,59,143,525,*,*,10,*,*,678,678
Precinct,60,133,614,9,*,*,*,*,756,756
Precinct,61,156,639,9,*,*,*,*,804,804
Precinct,62,194,400,5,*,*,*,*,599,599
Precinct,63,162,402,*,*,5,*,*,569,569
Precinct,64,150,414,9,*,*,*,*,573,573
Precinct,65,138,477,*,*,*,*,*,615,615
Precinct,66,155,358,*,*,5,*,*,518,518
Precinct,67,209,597,5,*,*,*,*,811,811
Precinct,68,157,497,10,*,5,*,*,669,669
Precinct,69,147,594,10,*,*,*,*,751,751
Precinct,70,149,473,*,*,*,*,*,622,622
Precinct,71,56,317,6,*,*,*,*,379,379
Precinct,72,174,502,6,*,*,*,*,682,682
Precinct,73,106,408,*,*,*,*,*,514,514
Precinct,74,151,519,*,*,*,*,*,670,670
Precinct,75,111,330,11,*,*,*,*,452,452
Precinct,76,149,557,11,*,*,*,*,717,717
Precinct,77,78,317,7,*,*,*,*,402,402
Precinct,78,89,464,*,*,*,*,*,553,553
Precinct,79,98,320,7,*,5,*,*,430,430
Precinct,80,106,265,*,*,*,*,*,371,371
Precinct,81,169,386,6,*,*,*,*,561,561
Precinct,82,61,275,*,*,*,*,*,336,336
Precinct,83,73,78,5,*,*,*,*,156,156
Precinct,90,98,373,5,*,*,*,*,476,476
Precinct,99,78,331,*,*,*,*,*,409,409
Precinct,100,115,278,5,*,*,*,*,398,398
Precinct,101,97,252,*,*,*,*,*,349,349
Precinct,102,66,241,*,*,*,*,*,307,307
Precinct,103,144,611,*,*,6,*,*,761,761
Precinct,104,161,337,5,*,*,*,*,503,503
Precinct,105,113,409,6,*,*,*,*,528,528
Precinct,106,144,304,*,*,*,*,*,448,448
Precinct,107,221,522,9,*,*,*,*,752,752
Precinct,108,98,362,5,*,*,*,*,465,465
Precinct,109,129,155,5,*,*,*,*,289,289
Precinct,110,196,202,9,*,*,*,*,407,407
Precinct,120,259,207,13,*,*,*,*,479,479
Precinct,121,175,176,7,*,*,*,*,358,358
Precinct,130,123,78,8,*,*,*,*,209,209
Precinct,131,229,123,13,*,*,*,*,365,365
Precinct,132,157,83,6,*,*,*,*,246,246
Precinct,133,261,124,19,*,*,*,*,404,404
Precinct,134,99,72,5,*,*,*,*,176,176
Precinct,Voter Privacy,0,0,103,119,133,71,64,490,490
County,San Miguel,6985,3887,114,50,29,34,9,11108,11108
Precinct,1,217,66,*,5,*,*,*,288,288
Precinct,2,297,99,*,8,*,*,*,404,404
Precinct,3,280,94,*,*,*,*,*,374,374
Precinct,4,251,170,*,*,*,*,*,421,421
Precinct,5,187,106,*,*,*,*,*,293,293
Precinct,6,120,95,*,*,*,*,*,215,215
Precinct,7,175,140,*,*,*,*,*,315,315
Precinct,8,394,157,*,*,*,*,*,551,551
Precinct,9,144,124,*,*,*,*,*,268,268
Precinct,10,221,129,*,*,*,*,*,350,350
Precinct,11,115,64,*,*,*,*,*,179,179
Precinct,12,256,170,*,*,*,*,*,426,426
Precinct,13,127,66,5,*,*,*,*,198,198
Precinct,14,13,30,*,*,*,*,*,43,43
Precinct,15,42,115,*,*,*,*,*,157,157
Precinct,16,332,244,9,6,*,*,*,591,591
Precinct,17,28,8,*,*,*,*,*,36,36
Precinct,18,172,68,*,*,*,*,*,240,240
Precinct,19,282,145,8,*,*,*,*,435,435
Precinct,20,40,23,*,*,*,*,*,63,63
Precinct,21,233,121,*,*,*,*,*,354,354
Precinct,22,168,96,*,*,*,*,*,264,264
Precinct,23,491,312,6,*,*,*,*,809,809
Precinct,24,235,120,*,*,*,*,*,355,355
Precinct,25,212,86,*,*,*,*,*,298,298
Precinct,26,444,193,9,*,*,*,*,646,646
Precinct,27,379,200,5,*,*,*,*,584,584
Precinct,28,262,166,5,*,*,*,*,433,433
Precinct,29,231,108,*,*,*,*,*,339,339
Precinct,30,144,71,7,*,*,*,*,222,222
Precinct,31,197,97,*,*,*,*,*,294,294
Precinct,32,50,58,*,*,*,*,*,108,108
Precinct,33,11,22,*,*,*,*,*,33,33
Precinct,34,235,124,*,*,*,*,*,359,359
Precinct,Voter Privacy,0,0,60,31,29,34,9,163,163
County,Sandoval,41205,36605,828,316,363,143,80,79540,79540
Precinct,1,275,222,5,*,*,*,*,502,502
Precinct,2,230,146,*,*,*,*,*,376,376
Precinct,3,300,210,*,*,*,*,*,510,510
Precinct,4,223,147,*,*,*,*,*,370,370
Precinct,5,262,124,*,*,*,*,*,386,386
Precinct,6,239,163,*,*,*,*,*,402,402
Precinct,7,170,125,*,*,*,*,*,295,295
Precinct,8,264,16,*,*,*,*,*,280,280
Precinct,9,250,23,*,*,*,*,*,273,273
Precinct,10,267,28,*,*,*,*,*,295,295
Precinct,11,332,231,*,*,9,*,*,572,572
Precinct,12,266,199,*,*,5,*,*,470,470
Precinct,13,270,141,5,*,*,*,*,416,416
Precinct,14,216,49,5,*,*,*,*,270,270
Precinct,15,335,38,*,*,*,*,*,373,373
Precinct,16,78,101,*,*,*,*,*,179,179
Precinct,17,113,107,6,*,*,*,*,226,226
Precinct,18,201,141,5,*,*,*,*,347,347
Precinct,19,204,27,7,*,*,*,*,238,238
Precinct,20,355,72,8,*,*,*,*,435,435
Precinct,21,126,131,*,*,*,*,*,257,257
Precinct,22,132,151,5,*,*,*,*,288,288
Precinct,23,95,144,*,*,*,*,*,239,239
Precinct,24,149,126,10,*,*,*,*,285,285
Precinct,25,340,195,27,*,*,5,6,573,573
Precinct,26,150,120,12,*,*,*,*,282,282
Precinct,27,57,54,*,*,*,*,*,111,111
Precinct,28,366,330,*,*,*,*,*,696,696
Precinct,29,240,29,5,*,*,*,*,274,274
Precinct,30,336,360,8,*,6,*,*,710,710
Precinct,31,249,316,7,*,*,*,*,572,572
Precinct,32,216,250,*,*,*,*,*,466,466
Precinct,33,255,197,6,*,*,*,*,458,458
Precinct,34,313,278,8,*,*,*,*,599,599
Precinct,35,178,183,*,*,*,*,*,361,361
Precinct,36,188,210,*,*,5,*,*,403,403
Precinct,37,230,263,*,*,5,*,*,498,498
Precinct,38,290,265,8,*,*,*,*,563,563
Precinct,39,328,385,7,*,*,*,*,720,720
Precinct,40,251,266,7,*,*,*,*,524,524
Precinct,41,325,385,12,*,*,*,*,722,722
Precinct,42,316,377,12,*,*,*,*,705,705
Precinct,43,342,359,8,*,*,*,*,709,709
Precinct,44,228,293,8,5,*,*,*,534,534
Precinct,45,245,250,*,*,*,*,*,495,495
Precinct,46,357,370,9,5,*,*,*,741,741
Precinct,47,223,253,10,*,*,*,*,486,486
Precinct,48,299,329,*,*,*,*,*,628,628
Precinct,49,293,390,13,*,*,*,*,696,696
Precinct,50,336,342,6,*,*,*,*,684,684
Precinct,51,*,*,*,*,*,*,*,0,0
Precinct,52,171,152,*,*,*,*,*,323,323
Precinct,53,416,285,7,*,6,*,*,714,714
Precinct,54,198,113,*,*,*,*,*,311,311
Precinct,55,257,108,6,*,*,*,*,371,371
Precinct,56,392,228,8,*,*,*,*,628,628
Precinct,57,325,280,6,*,5,*,*,616,616
Precinct,58,349,349,9,*,*,*,*,707,707
Precinct,59,215,163,*,*,*,*,*,378,378
Precinct,60,260,304,7,*,*,*,*,571,571
Precinct,61,347,298,7,*,*,*,*,652,652
Precinct,62,270,234,8,*,*,*,*,512,512
Precinct,63,408,458,13,5,*,*,*,884,884
Precinct,64,247,321,7,*,*,*,*,575,575
Precinct,65,220,203,6,*,*,*,*,429,429
Precinct,66,360,347,10,*,5,*,*,722,722
Precinct,67,227,209,5,*,6,*,*,447,447
Precinct,68,316,393,8,*,*,*,*,717,717
Precinct,69,229,248,7,*,*,*,*,484,484
Precinct,70,380,377,6,5,6,*,*,774,774
Precinct,71,248,267,5,*,*,*,*,520,520
Precinct,72,188,247,*,*,*,*,*,435,435
Precinct,73,291,400,9,*,*,*,*,700,700
Precinct,74,192,182,*,*,*,*,*,374,374
Precinct,75,605,501,5,10,6,*,*,1127,1127
Precinct,76,504,194,*,5,5,*,*,708,708
Precinct,77,379,42,5,*,*,*,*,426,426
Precinct,78,92,111,5,*,*,*,*,208,208
Precinct,79,88,111,*,*,*,*,*,199,199
Precinct,80,666,603,18,6,5,*,*,1298,1298
Precinct,81,335,237,7,*,*,*,*,579,579
Precinct,82,476,456,9,*,5,*,*,946,946
Precinct,83,247,296,5,*,*,*,*,548,548
Precinct,84,201,208,6,*,6,*,*,421,421
Precinct,85,159,246,7,*,*,*,*,412,412
Precinct,86,324,336,9,*,*,*,*,669,669
Precinct,87,302,223,6,*,*,*,*,531,531
Precinct,88,301,209,8,*,*,*,*,518,518
Precinct,89,378,201,*,*,*,*,*,579,579
Precinct,90,230,135,*,*,*,*,*,365,365
Precinct,91,314,42,6,*,*,*,*,362,362
Precinct,92,314,140,*,*,*,*,*,454,454
Precinct,93,371,291,7,*,*,*,*,669,669
Precinct,94,378,198,6,*,*,*,*,582,582
Precinct,95,198,44,*,*,*,*,*,242,242
Precinct,96,246,312,6,*,*,*,*,564,564
Precinct,97,234,312,10,*,*,*,*,556,556
Precinct,98,226,181,*,*,*,*,*,407,407
Precinct,99,218,195,*,*,*,*,*,413,413
Precinct,100,236,230,8,*,5,*,*,479,479
Precinct,101,266,309,7,*,5,*,*,587,587
Precinct,102,169,219,*,*,*,*,*,388,388
Precinct,103,323,300,9,*,*,*,*,632,632
Precinct,104,281,325,*,*,*,*,*,606,606
Precinct,105,183,169,*,*,*,*,*,352,352
Precinct,106,199,203,*,*,*,*,*,402,402
Precinct,107,255,278,6,*,7,*,*,546,546
Precinct,108,237,251,*,*,*,*,*,488,488
Precinct,109,277,340,5,*,*,*,*,622,622
Precinct,110,303,403,14,*,*,*,*,720,720
Precinct,111,324,373,7,5,5,*,*,714,714
Precinct,112,340,266,*,*,*,*,*,606,606
Precinct,113,346,219,6,*,*,*,*,571,571
Precinct,114,463,217,*,*,5,*,*,685,685
Precinct,115,254,376,*,*,*,*,*,630,630
Precinct,116,269,293,*,5,*,*,*,567,567
Precinct,117,148,137,6,*,*,*,*,291,291
Precinct,118,306,232,*,*,*,*,*,538,538
Precinct,119,289,287,5,7,8,*,*,596,596
Precinct,120,227,194,7,6,*,*,*,434,434
Precinct,121,179,185,6,*,*,*,*,370,370
Precinct,122,224,301,5,*,*,*,*,530,530
Precinct,123,364,344,6,*,5,*,*,719,719
Precinct,124,261,280,10,*,*,*,*,551,551
Precinct,125,280,344,8,*,*,*,*,632,632
Precinct,126,163,180,*,*,*,*,*,343,343
Precinct,127,268,313,*,*,*,*,*,581,581
Precinct,128,299,300,5,*,*,*,*,604,604
Precinct,129,281,356,10,*,*,*,*,647,647
Precinct,130,256,227,6,*,*,*,*,489,489
Precinct,131,188,177,*,*,*,*,*,365,365
Precinct,132,313,197,*,*,*,*,*,510,510
Precinct,133,299,132,*,*,*,*,*,431,431
Precinct,134,304,390,5,*,*,*,*,699,699
Precinct,135,284,234,*,*,*,*,*,518,518
Precinct,136,275,270,*,*,*,*,*,545,545
Precinct,137,240,274,*,*,*,*,*,514,514
Precinct,138,331,501,8,*,*,*,*,840,840
Precinct,139,295,288,*,*,5,*,*,588,588
Precinct,140,191,158,*,*,*,*,*,349,349
Precinct,141,201,212,6,*,*,*,*,419,419
Precinct,142,154,183,5,*,*,*,*,342,342
Precinct,143,298,399,6,7,*,*,*,710,710
Precinct,144,166,158,*,*,*,*,*,324,324
Precinct,145,146,162,*,*,*,*,*,308,308
Precinct,146,156,119,5,*,*,*,*,280,280
Precinct,147,225,213,*,*,*,*,*,438,438
Precinct,148,181,171,*,*,*,*,*,352,352
Precinct,149,301,283,*,*,*,*,*,584,584
Precinct,150,336,308,5,*,*,*,*,649,649
Precinct,151,51,74,*,*,*,*,*,125,125
Precinct,152,103,135,*,*,*,*,*,238,238
Precinct,153,182,100,*,*,*,*,*,282,282
Precinct,154,225,183,*,*,*,*,*,408,408
Precinct,155,274,281,*,*,*,*,*,555,555
Precinct,156,387,353,*,*,5,*,*,745,745
Precinct,157,234,298,*,5,*,*,*,537,537
Precinct,Voter Privacy,0,0,164,240,228,138,74,844,844
County,Santa Fe,61405,20457,687,597,274,257,42,83719,83719
Precinct,1,271,155,*,5,*,*,*,431,431
Precinct,2,124,67,*,*,*,*,*,191,191
Precinct,3,246,133,*,*,*,*,*,379,379
Precinct,4,186,61,*,*,*,*,*,247,247
Precinct,5,429,183,9,*,*,*,*,621,621
Precinct,6,149,12,*,*,*,*,*,161,161
Precinct,7,297,94,*,6,*,7,*,404,404
Precinct,8,447,74,*,5,*,*,*,526,526
Precinct,9,437,86,*,5,*,*,*,528,528
Precinct,10,428,117,*,*,*,*,*,545,545
Precinct,11,418,67,*,*,*,*,*,485,485
Precinct,12,436,162,*,*,*,6,*,604,604
Precinct,13,389,170,6,*,*,*,*,565,565
Precinct,14,130,67,*,*,*,*,*,197,197
Precinct,15,111,220,*,*,*,*,*,331,331
Precinct,16,112,168,*,*,*,*,*,280,280
Precinct,17,263,80,*,*,*,*,*,343,343
Precinct,18,97,229,*,*,*,*,*,326,326
Precinct,19,75,112,*,*,*,*,*,187,187
Precinct,20,407,47,6,5,*,*,*,465,465
Precinct,21,337,43,*,*,*,*,*,380,380
Precinct,22,442,74,5,*,*,5,*,526,526
Precinct,23,421,185,8,*,*,*,*,614,614
Precinct,24,256,74,*,*,*,*,*,330,330
Precinct,25,441,70,*,*,*,7,*,518,518
Precinct,26,305,38,*,8,*,*,*,351,351
Precinct,27,336,53,5,14,*,8,*,416,416
Precinct,28,463,55,*,*,*,*,*,518,518
Precinct,29,489,113,6,*,*,*,*,608,608
Precinct,30,483,75,*,*,*,*,*,558,558
Precinct,31,225,93,*,*,*,*,*,318,318
Precinct,32,497,139,5,7,*,*,*,648,648
Precinct,33,201,55,*,*,*,*,*,256,256
Precinct,34,425,88,*,10,*,*,*,523,523
Precinct,35,198,40,*,*,*,*,*,238,238
Precinct,36,389,40,*,5,*,*,*,434,434
Precinct,37,307,95,5,*,*,*,*,407,407
Precinct,38,544,113,9,5,*,*,*,671,671
Precinct,39,331,130,*,*,*,*,*,461,461
Precinct,40,225,41,*,*,*,*,*,266,266
Precinct,41,243,73,5,*,*,*,*,321,321
Precinct,42,475,69,*,6,*,*,*,550,550
Precinct,43,507,59,*,9,*,*,*,575,575
Precinct,44,355,38,6,6,*,*,*,405,405
Precinct,45,375,60,10,*,*,*,*,445,445
Precinct,46,300,56,*,*,*,*,*,356,356
Precinct,47,389,33,*,*,*,*,*,422,422
Precinct,48,340,44,5,*,*,*,*,389,389
Precinct,49,426,147,*,9,*,*,*,582,582
Precinct,50,562,128,8,10,*,*,*,708,708
Precinct,51,225,51,9,*,*,*,*,285,285
Precinct,52,285,115,5,7,*,*,*,412,412
Precinct,53,348,82,*,*,*,*,*,430,430
Precinct,54,516,108,5,*,*,*,*,629,629
Precinct,55,602,109,5,*,*,*,*,716,716
Precinct,56,735,224,8,10,*,5,*,982,982
Precinct,57,457,186,9,8,5,*,*,665,665
Precinct,58,351,213,*,*,*,*,*,564,564
Precinct,59,476,230,*,*,*,*,*,706,706
Precinct,60,166,109,*,*,*,*,*,275,275
Precinct,61,292,151,*,*,*,*,*,443,443
Precinct,62,213,132,*,*,*,*,*,345,345
Precinct,63,355,115,*,5,*,*,*,475,475
Precinct,64,202,60,*,*,*,*,*,262,262
Precinct,65,440,65,*,*,*,*,*,505,505
Precinct,66,297,110,*,*,*,*,*,407,407
Precinct,67,138,61,*,*,*,*,*,199,199
Precinct,68,330,71,*,5,*,*,*,406,406
Precinct,69,496,78,6,*,*,*,*,580,580
Precinct,70,524,207,5,*,*,*,*,736,736
Precinct,71,213,35,*,*,*,*,*,248,248
Precinct,72,461,93,*,14,*,*,*,568,568
Precinct,73,283,424,9,*,*,*,*,716,716
Precinct,74,510,144,*,9,*,5,*,668,668
Precinct,75,292,114,5,*,*,*,*,411,411
Precinct,76,590,150,*,6,*,*,*,746,746
Precinct,77,458,79,*,8,*,*,*,545,545
Precinct,78,418,75,*,6,*,*,*,499,499
Precinct,79,242,177,6,*,*,*,*,425,425
Precinct,80,322,155,7,*,*,*,*,484,484
Precinct,81,463,154,10,5,*,*,*,632,632
Precinct,82,485,267,*,*,*,*,*,752,752
Precinct,83,480,110,6,*,*,*,*,596,596
Precinct,84,244,460,6,*,*,*,*,710,710
Precinct,85,188,485,8,*,5,*,*,686,686
Precinct,86,330,124,*,5,*,*,*,459,459
Precinct,87,138,91,7,*,*,*,*,236,236
Precinct,88,339,190,10,*,*,*,*,539,539
Precinct,89,492,205,6,6,*,*,*,709,709
Precinct,90,429,146,*,*,*,*,*,575,575
Precinct,91,360,76,*,*,*,*,*,436,436
Precinct,92,533,175,7,7,*,*,*,722,722
Precinct,93,339,167,*,*,*,*,*,506,506
Precinct,94,404,99,*,*,*,*,*,503,503
Precinct,95,327,45,*,*,*,*,*,372,372
Precinct,96,176,53,*,*,*,*,*,229,229
Precinct,97,428,66,*,*,*,*,*,494,494
Precinct,98,365,72,5,6,*,*,*,448,448
Precinct,99,397,136,6,7,*,*,*,546,546
Precinct,100,334,41,*,*,*,*,*,375,375
Precinct,101,389,93,*,*,*,*,*,482,482
Precinct,102,466,90,*,*,*,*,*,556,556
Precinct,103,502,94,*,*,5,6,*,607,607
Precinct,104,646,58,6,*,*,5,*,715,715
Precinct,105,440,143,6,*,*,*,*,589,589
Precinct,106,308,157,*,5,*,*,*,470,470
Precinct,107,525,98,6,10,*,*,*,639,639
Precinct,108,254,94,*,*,*,*,*,348,348
Precinct,109,281,115,5,*,*,*,*,401,401
Precinct,110,536,67,*,*,*,*,*,603,603
Precinct,111,402,67,*,*,*,*,*,469,469
Precinct,112,288,189,*,*,*,*,*,477,477
Precinct,113,469,90,7,*,*,*,*,566,566
Precinct,114,440,101,5,5,*,*,*,551,551
Precinct,115,231,383,12,*,*,*,*,626,626
Precinct,116,262,117,6,*,*,*,*,385,385
Precinct,117,371,115,5,10,*,*,*,501,501
Precinct,118,251,163,*,*,*,*,*,414,414
Precinct,119,275,37,*,*,*,*,*,312,312
Precinct,120,312,62,5,*,*,*,*,379,379
Precinct,121,347,77,*,*,*,*,*,424,424
Precinct,122,268,41,*,*,*,*,*,309,309
Precinct,123,262,50,*,*,*,*,*,312,312
Precinct,124,278,69,*,*,*,*,*,347,347
Precinct,125,207,443,8,*,*,*,*,658,658
Precinct,126,231,122,8,*,*,*,*,361,361
Precinct,127,244,36,*,*,*,*,*,280,280
Precinct,128,336,128,5,*,*,*,*,469,469
Precinct,129,380,89,*,*,*,*,*,469,469
Precinct,130,419,58,*,9,*,9,*,495,495
Precinct,131,352,68,*,*,*,*,*,420,420
Precinct,132,344,71,*,*,*,*,*,415,415
Precinct,133,237,106,*,*,*,*,*,343,343
Precinct,134,583,91,*,*,*,*,*,674,674
Precinct,135,345,144,5,*,*,*,*,494,494
Precinct,136,229,79,*,*,*,*,*,308,308
Precinct,137,231,102,*,*,*,*,*,333,333
Precinct,138,255,133,*,*,*,*,*,388,388
Precinct,139,467,95,*,*,*,*,*,562,562
Precinct,140,188,109,*,*,*,*,*,297,297
Precinct,141,185,63,6,*,*,*,*,254,254
Precinct,142,418,62,*,*,*,*,*,480,480
Precinct,143,269,64,5,*,*,*,*,338,338
Precinct,144,343,134,*,*,*,*,*,477,477
Precinct,145,115,69,*,*,*,*,*,184,184
Precinct,146,440,142,*,*,7,*,*,589,589
Precinct,147,585,160,*,*,*,*,*,745,745
Precinct,148,217,385,13,*,*,*,*,615,615
Precinct,149,304,128,5,*,*,*,*,437,437
Precinct,150,319,121,6,*,*,*,*,446,446
Precinct,151,586,254,14,6,*,*,*,860,860
Precinct,152,331,79,*,*,*,*,*,410,410
Precinct,153,589,176,*,*,7,*,*,772,772
Precinct,154,329,166,*,*,*,*,*,495,495
Precinct,155,224,30,*,*,*,*,*,254,254
Precinct,156,167,225,*,*,*,*,*,392,392
Precinct,157,137,431,5,*,*,*,*,573,573
Precinct,158,305,33,*,6,*,*,*,344,344
Precinct,159,375,60,*,7,*,*,*,442,442
Precinct,160,417,94,5,5,*,5,*,526,526
Precinct,161,315,41,5,5,*,*,*,366,366
Precinct,162,378,39,*,7,*,*,*,424,424
Precinct,163,204,39,*,*,*,*,*,243,243
Precinct,164,207,43,*,*,*,*,*,250,250
Precinct,165,271,54,*,6,*,*,*,331,331
Precinct,166,418,101,*,*,6,*,*,525,525
Precinct,167,371,94,8,*,*,*,*,473,473
Precinct,168,374,51,*,*,*,*,*,425,425
Precinct,169,110,20,*,*,*,*,*,130,130
Precinct,170,289,145,6,*,*,*,*,440,440
Precinct,171,246,59,7,*,*,*,*,312,312
Precinct,172,360,64,*,*,*,*,*,424,424
Precinct,173,383,98,6,*,*,*,*,487,487
Precinct,174,357,202,*,*,*,*,*,559,559
Precinct,175,453,99,*,*,*,*,*,552,552
Precinct,176,280,107,*,*,*,*,*,387,387
Precinct,177,315,72,*,*,*,*,*,387,387
Precinct,178,250,57,*,*,*,*,*,307,307
Precinct,179,91,42,*,*,*,*,*,133,133
Precinct,Voter Privacy,0,0,259,287,239,189,42,1016,1016
County,Sierra,2332,3473,81,25,19,16,7,5953,5953
Precinct,1,284,423,8,*,*,*,*,715,715
Precinct,2,259,582,6,*,*,*,*,847,847
Precinct,3,55,185,*,*,*,*,*,240,240
Precinct,4,127,275,*,*,*,*,*,402,402
Precinct,5,84,252,*,*,*,*,*,336,336
Precinct,6,137,46,*,*,*,*,*,183,183
Precinct,7,300,247,*,*,*,*,*,547,547
Precinct,8,243,314,6,*,*,*,*,563,563
Precinct,9,15,75,*,*,*,*,*,90,90
Precinct,10,143,359,9,*,*,*,*,511,511
Precinct,11,276,308,16,*,*,*,*,600,600
Precinct,12,409,407,17,*,*,*,*,833,833
Precinct,Voter Privacy,0,0,19,25,19,16,7,86,86
County,Socorro,3384,3651,99,37,36,18,8,7233,7233
Precinct,1,225,169,8,*,*,*,*,402,402
Precinct,2,284,155,5,*,*,*,*,444,444
Precinct,3,404,225,9,6,*,*,*,644,644
Precinct,4,92,114,*,*,*,*,*,206,206
Precinct,5,93,97,*,*,*,*,*,190,190
Precinct,6,158,146,9,*,*,*,*,313,313
Precinct,7,52,29,*,*,*,*,*,81,81
Precinct,8,346,294,10,*,6,*,*,656,656
Precinct,9,15,47,*,*,*,*,*,62,62
Precinct,10,70,47,*,*,*,*,*,117,117
Precinct,11,162,319,6,*,*,*,*,487,487
Precinct,12,5,20,*,*,*,*,*,25,25
Precinct,13,188,269,*,*,*,*,*,457,457
Precinct,14,82,147,*,*,*,*,*,229,229
Precinct,15,226,293,7,*,*,*,*,526,526
Precinct,16,27,49,*,*,*,*,*,76,76
Precinct,17,29,39,*,*,*,*,*,68,68
Precinct,18,251,246,*,*,6,*,*,503,503
Precinct,19,147,219,9,*,*,*,*,375,375
Precinct,20,117,128,*,*,*,*,*,245,245
Precinct,21,24,28,*,*,*,*,*,52,52
Precinct,22,24,36,*,*,*,*,*,60,60
Precinct,23,39,55,*,*,*,*,*,94,94
Precinct,24,90,116,*,*,*,*,*,206,206
Precinct,25,46,48,*,*,*,*,*,94,94
Precinct,26,18,24,*,*,*,*,*,42,42
Precinct,27,170,292,*,*,*,*,*,462,462
Precinct,Voter Privacy,0,0,36,31,24,18,8,117,117
County,Taos,12038,4139,170,173,48,58,10,16636,16636
Precinct,1,268,105,6,20,*,*,*,399,399
Precinct,2,92,42,*,*,*,*,*,134,134
Precinct,3,54,48,*,*,*,*,*,102,102
Precinct,4,251,132,10,5,*,*,*,398,398
Precinct,5,213,116,*,*,*,*,*,329,329
Precinct,6,260,192,10,6,*,*,*,468,468
Precinct,7,110,236,*,*,*,*,*,346,346
Precinct,8,195,38,*,*,*,*,*,233,233
Precinct,9,601,138,*,5,*,*,*,744,744
Precinct,10,275,55,*,*,*,*,*,330,330
Precinct,11,266,67,5,6,*,9,*,353,353
Precinct,12,507,111,*,*,*,*,*,618,618
Precinct,13,404,54,7,*,*,*,*,465,465
Precinct,14,302,105,*,6,*,*,*,413,413
Precinct,15,483,72,6,6,*,*,*,567,567
Precinct,16,425,105,*,*,*,*,*,530,530
Precinct,17,450,170,9,*,*,*,*,629,629
Precinct,18,386,124,5,6,*,*,*,521,521
Precinct,19,343,123,*,5,*,*,*,471,471
Precinct,20,372,135,*,*,*,*,*,507,507
Precinct,21,234,81,8,*,*,*,*,323,323
Precinct,22,57,16,*,*,*,*,*,73,73
Precinct,23,52,15,*,*,*,*,*,67,67
Precinct,24,76,65,*,*,*,*,*,141,141
Precinct,25,64,61,*,*,*,*,*,125,125
Precinct,26,38,33,*,*,*,*,*,71,71
Precinct,27,131,87,6,*,*,*,*,224,224
Precinct,28,155,90,*,*,*,*,*,245,245
Precinct,29,80,40,*,*,*,*,*,120,120
Precinct,30,36,11,*,*,*,*,*,47,47
Precinct,31,28,9,*,*,*,*,*,37,37
Precinct,32,105,33,*,*,*,*,*,138,138
Precinct,33,82,23,*,*,*,*,*,105,105
Precinct,34,378,135,5,*,*,*,*,518,518
Precinct,35,273,77,*,*,*,*,*,350,350
Precinct,36,59,*,*,*,*,*,*,59,59
Precinct,37,616,178,5,9,*,5,*,813,813
Precinct,38,376,78,*,5,*,*,*,459,459
Precinct,39,365,155,*,5,*,*,*,525,525
Precinct,40,346,92,*,6,*,*,*,444,444
Precinct,41,379,143,*,*,*,*,*,522,522
Precinct,42,396,105,6,5,*,*,*,512,512
Precinct,43,298,84,5,6,*,*,*,393,393
Precinct,44,436,112,7,5,*,*,*,560,560
Precinct,45,290,84,*,*,*,*,*,374,374
Precinct,46,55,30,*,*,*,*,*,85,85
Precinct,47,376,130,7,17,*,*,*,530,530
Precinct,Voter Privacy,0,4,63,50,48,44,10,219,219
County,Torrance,2144,4880,81,21,34,13,6,7179,7179
Precinct,1,128,355,5,*,*,*,*,488,488
Precinct,2,60,169,*,*,*,*,*,229,229
Precinct,3,99,155,*,*,*,*,*,254,254
Precinct,4,52,114,*,*,*,*,*,166,166
Precinct,5,202,340,*,*,*,*,*,542,542
Precinct,6,125,326,5,*,*,*,*,456,456
Precinct,7,149,442,6,*,*,*,*,597,597
Precinct,8,32,89,*,*,*,*,*,121,121
Precinct,9,174,321,5,*,*,*,*,500,500
Precinct,10,107,204,5,*,*,*,*,316,316
Precinct,11,27,49,*,*,*,*,*,76,76
Precinct,12,13,56,*,*,*,*,*,69,69
Precinct,13,173,467,8,*,*,*,*,648,648
Precinct,14,11,66,*,*,*,*,*,77,77
Precinct,15,86,206,*,*,*,*,*,292,292
Precinct,16,118,227,*,*,*,*,*,345,345
Precinct,17,133,257,*,*,*,*,*,390,390
Precinct,18,111,231,5,*,*,*,*,347,347
Precinct,19,75,225,5,*,*,*,*,305,305
Precinct,20,63,159,*,*,*,*,*,222,222
Precinct,21,118,207,7,*,*,*,*,332,332
Precinct,22,88,215,*,*,*,*,*,303,303
Precinct,Voter Privacy,0,0,30,21,34,13,6,104,104
County,Union,378,1247,23,10,5,1,1,1665,1665
Precinct,1,52,221,*,*,*,*,*,273,273
Precinct,4,113,368,*,*,*,*,*,481,481
Precinct,6,118,304,8,*,*,*,*,430,430
Precinct,7,77,211,8,*,*,*,*,296,296
Precinct,8,12,78,*,*,*,*,*,90,90
Precinct,9,6,65,*,*,*,*,*,71,71
Precinct,Voter Privacy,0,0,7,10,5,1,1,24,24
County,Valencia,13609,19057,319,92,116,50,34,33277,33277
Precinct,1,87,124,*,*,*,*,*,211,211
Precinct,2,166,202,*,*,*,*,*,368,368
Precinct,3,244,310,*,*,*,*,*,554,554
Precinct,4,199,287,5,*,*,*,*,491,491
Precinct,5,202,369,6,*,*,*,*,577,577
Precinct,6,204,284,5,*,*,*,*,493,493
Precinct,7,281,461,10,*,5,*,*,757,757
Precinct,8,165,237,*,*,*,*,*,402,402
Precinct,9,221,371,*,*,*,*,*,592,592
Precinct,10,192,301,10,*,*,*,*,503,503
Precinct,11,179,445,*,*,*,*,*,624,624
Precinct,12,238,413,*,5,*,*,*,656,656
Precinct,13,228,114,*,*,*,*,*,342,342
Precinct,14,297,376,8,*,*,*,*,681,681
Precinct,15,164,254,*,*,*,*,*,418,418
Precinct,16,155,184,6,*,*,*,*,345,345
Precinct,17,302,366,6,*,*,*,*,674,674
Precinct,18,242,373,7,*,5,*,*,627,627
Precinct,19,165,369,5,*,*,*,*,539,539
Precinct,20,79,136,5,*,*,*,*,220,220
Precinct,21,312,313,8,*,*,*,*,633,633
Precinct,22,251,350,10,*,*,*,*,611,611
Precinct,23,247,271,6,*,*,*,*,524,524
Precinct,24,97,76,*,*,*,*,*,173,173
Precinct,25,167,215,5,*,*,*,*,387,387
Precinct,26,138,145,*,*,*,*,*,283,283
Precinct,27,283,402,7,*,*,*,*,692,692
Precinct,28,167,159,*,*,*,*,*,326,326
Precinct,29,206,260,9,*,*,*,*,475,475
Precinct,30,201,368,*,*,*,*,*,569,569
Precinct,31,159,300,*,*,*,*,*,459,459
Precinct,32,182,290,*,*,*,*,*,472,472
Precinct,33,132,187,*,*,*,*,*,319,319
Precinct,34,105,177,*,*,*,*,*,282,282
Precinct,35,154,312,6,*,*,*,*,472,472
Precinct,36,129,230,5,*,*,*,*,364,364
Precinct,37,170,258,*,*,*,*,*,428,428
Precinct,38,289,417,6,*,*,*,*,712,712
Precinct,39,457,390,*,*,*,*,*,847,847
Precinct,40,162,206,8,*,*,*,*,376,376
Precinct,41,275,274,5,*,*,*,*,554,554
Precinct,42,438,621,9,*,5,*,*,1073,1073
Precinct,43,228,276,*,*,*,*,*,504,504
Precinct,44,182,219,*,*,*,*,*,401,401
Precinct,45,186,242,6,*,*,*,*,434,434
Precinct,46,171,294,*,*,*,*,*,465,465
Precinct,47,292,382,8,*,*,*,*,682,682
Precinct,48,324,376,7,*,*,*,*,707,707
Precinct,49,155,267,5,*,*,*,*,427,427
Precinct,50,89,86,*,*,*,*,*,175,175
Precinct,51,161,221,*,*,*,*,*,382,382
Precinct,52,179,274,7,*,*,*,*,460,460
Precinct,53,150,282,8,*,*,*,*,440,440
Precinct,54,207,276,6,*,*,*,*,489,489
Precinct,55,352,417,6,*,*,*,*,775,775
Precinct,56,214,198,*,*,*,*,*,412,412
Precinct,57,262,475,6,*,*,*,*,743,743
Precinct,58,265,401,12,*,*,*,*,678,678
Precinct,59,160,266,*,*,*,*,*,426,426
Precinct,60,255,345,6,*,*,*,*,606,606
Precinct,61,196,321,*,*,*,*,*,517,517
Precinct,62,251,324,*,*,*,*,*,575,575
Precinct,63,89,178,*,*,*,*,*,267,267
Precinct,64,185,289,*,*,*,*,*,474,474
Precinct,65,203,306,*,*,*,*,*,509,509
Precinct,66,122,145,5,*,*,*,*,272,272
Precinct,Voter Privacy,0,0,80,87,101,50,34,352,352
