City/Town,,,"Kamala D. Harris/ Tim Walz","Donald J. Trump/ JD Vance","Robert F. Kennedy Jr/ Nicole Shanahan","Chase Oliver/ Mike Ter Maat","Claudia De La Cruz/ Karina Garcia","Cornel West/ Melina Abdullah","Rachele Fruit/ Dennis Richter",Write-Ins,Blanks,Spoiled,"Total Votes Cast"
,,,Democratic,Republican,"We The People",Libertarian,"Socialism And Liberation","Peace And Justice","Socialist Workers"
Addison,,,446,384,20,3,6,3,0,4,11,0,877
Albany,,,283,246,13,2,3,1,1,5,8,2,564
Alburgh,,,498,543,21,7,4,1,0,3,10,3,"1,090"
Andover,,,198,156,3,3,1,1,0,2,3,0,367
Arlington,,,888,570,18,6,6,2,1,13,9,0,"1,513"
Athens,,,112,109,4,0,0,2,0,4,2,0,233
Bakersfield,,,415,321,16,9,2,0,1,2,8,1,775
Baltimore,,,63,79,4,0,0,0,0,0,2,0,148
Barnard,,,455,164,13,7,5,12,0,2,5,0,663
Barnet,,,622,434,14,11,3,2,0,11,9,1,"1,107"
"Barre City",,,"2,272","1,301",67,13,34,23,3,27,33,7,"3,780"
"Barre Town",,,"2,544","2,129",78,24,13,10,2,47,60,1,"4,908"
Barton,,,699,613,25,4,5,2,0,2,15,0,"1,365"
Belvidere,,,93,106,5,0,2,1,0,0,1,0,208
Bennington,,,"4,235","2,690",110,28,38,23,3,50,56,14,"7,247"
Benson,,,249,357,15,6,1,2,1,4,2,0,637
Berkshire,,,275,481,13,4,1,2,0,2,4,2,784
Berlin,,,989,504,26,14,4,9,0,9,24,1,"1,580"
Bethel,,,675,318,18,5,4,2,2,14,16,0,"1,054"
Bloomfield,,,45,86,4,0,0,0,0,0,2,2,139
Bolton,,,562,215,13,3,5,2,0,10,6,0,816
Bradford,,,872,601,32,6,5,5,2,12,9,1,"1,545"
Braintree,,,442,276,14,4,3,3,0,7,7,0,756
Brandon,,,"1,229","1,042",42,11,11,7,2,12,17,3,"2,376"
Brattleboro,,,"5,068","1,105",94,18,49,68,4,60,23,1,"6,490"
Bridgewater,,,337,221,8,2,2,3,0,2,6,0,581
Bridport,,,393,346,9,9,1,3,0,8,12,0,781
Brighton,,,190,361,82,4,2,3,0,5,8,0,655
Bristol,,,"1,493",756,41,13,5,10,0,18,21,6,"2,363"
Brookfield,,,534,335,16,7,6,14,0,7,9,0,928
Brookline,,,213,105,9,1,1,2,0,0,2,0,333
Brownington,,,210,316,14,2,1,2,1,1,1,1,549
Brunswick,,,26,32,3,0,0,0,0,0,1,1,63
Burke,,,544,358,28,5,2,5,0,5,10,3,960
Burlington,,,"17,414","2,223",167,76,359,196,20,212,156,13,"20,836"
Cabot,,,531,331,27,1,2,6,1,4,9,1,913
Calais,,,833,243,20,5,10,19,1,9,15,0,"1,155"
Cambridge,,,"1,462",635,51,12,3,10,2,22,19,2,"2,218"
Canaan,,,247,270,14,3,3,0,0,1,4,4,546
Castleton,,,"1,009","1,081",41,10,3,0,0,7,19,1,"2,171"
Cavendish,,,428,357,16,6,3,5,2,6,12,0,835
Charleston,,,242,297,9,2,1,4,0,2,4,0,561
Charlotte,,,"2,207",502,60,11,8,6,0,24,32,0,"2,850"
Chelsea,,,372,298,22,6,7,3,2,10,20,1,741
Chester,,,"1,034",667,33,5,2,2,1,12,28,0,"1,784"
Chittenden,,,432,354,11,10,4,1,0,6,5,0,823
Clarendon,,,621,809,19,1,3,2,0,1,8,3,"1,467"
Colchester,,,"6,404","2,864",131,59,30,25,4,95,73,2,"9,687"
Concord,,,249,371,12,3,4,0,0,4,4,0,647
Corinth,,,435,417,17,1,5,3,1,4,11,0,894
Cornwall,,,677,152,12,3,1,4,1,10,7,0,867
Coventry,,,239,331,10,0,3,1,0,3,1,1,589
Craftsbury,,,530,207,16,6,6,4,0,14,7,1,791
Danby,,,308,426,18,4,1,3,1,7,5,1,774
Danville,,,864,578,34,9,7,4,1,17,21,1,"1,536"
Derby,,,"1,154","1,445",43,11,4,5,2,14,19,2,"2,699"
Dorset,,,"1,006",393,21,11,2,8,0,14,16,0,"1,471"
Dover,,,558,311,20,2,4,1,1,7,6,1,911
Dummerston,,,981,275,19,7,5,9,2,10,9,0,"1,317"
Duxbury,,,655,234,18,6,3,4,1,9,8,1,939
"E. Haven",,,82,64,5,2,0,0,0,0,0,0,153
"E. Montpelier",,,"1,291",382,28,6,7,9,2,18,16,0,"1,759"
Eden,,,290,354,15,0,2,4,0,9,3,0,677
Elmore,,,439,160,5,3,4,3,0,3,10,0,627
Enosburgh,,,599,712,29,1,4,0,0,11,1,6,"1,363"
Essex,,,"4,965","1,936",91,51,14,23,3,74,89,0,"7,246"
"Essex Junction",,,"4,413","1,520",75,34,28,19,4,48,57,1,"6,199"
"Fair Haven",,,586,723,27,4,1,1,1,6,10,2,"1,361"
Fairfax,,,"1,658","1,288",55,18,8,7,2,35,31,0,"3,102"
Fairfield,,,577,522,26,8,3,9,0,8,14,3,"1,170"
Fairlee,,,433,178,9,0,0,1,1,5,10,0,637
Fayston,,,768,139,10,3,4,2,0,8,1,0,935
Ferrisburgh,,,"1,195",632,28,16,7,13,1,24,14,2,"1,932"
Fletcher,,,507,312,19,2,4,3,0,10,7,0,864
Franklin,,,332,458,24,6,4,0,0,4,6,0,834
Georgia,,,"1,501","1,403",40,18,10,3,3,23,27,0,"3,028"
Glover,,,374,264,12,0,5,5,0,7,6,0,673
Goshen,,,86,40,1,0,1,0,0,1,3,0,132
Grafton,,,271,145,4,0,3,0,0,2,6,0,431
Granby,,,23,25,0,0,0,1,0,0,0,0,49
"Grand Isle",,,853,541,21,9,4,2,2,13,8,0,"1,453"
Granville,,,114,47,6,0,1,0,0,2,2,0,172
Greensboro,,,376,125,6,3,0,4,0,10,4,0,528
Groton,,,277,286,6,3,2,5,1,4,14,0,598
Guildhall,,,85,94,3,3,1,0,0,1,1,0,188
Guilford,,,941,372,25,8,7,20,0,18,9,0,"1,400"
Halifax,,,292,222,4,3,3,2,0,5,2,1,534
Hancock,,,119,75,2,1,1,1,0,1,1,0,201
Hardwick,,,899,582,23,6,8,13,3,16,19,0,"1,569"
Hartford,,,"4,363","1,649",77,32,32,21,3,52,47,5,"6,281"
Hartland,,,"1,432",674,35,7,14,5,2,17,9,0,"2,195"
Highgate,,,639,"1,081",37,7,2,1,1,3,11,0,"1,782"
Hinesburg,,,"2,322",727,23,23,7,14,1,31,30,1,"3,179"
Holland,,,129,235,4,1,0,0,0,1,2,1,373
Hubbardton,,,219,199,4,1,0,0,0,2,0,2,427
Huntington,,,973,328,28,10,8,10,0,10,10,3,"1,380"
"Hyde Park",,,"1,118",618,33,5,3,8,1,5,24,1,"1,816"
Ira,,,131,142,3,1,0,0,0,2,1,0,280
Irasburg,,,208,466,16,0,1,0,0,4,3,1,699
"Isle La Motte",,,198,172,5,2,0,0,0,2,1,0,380
Jamaica,,,380,178,13,4,5,1,0,5,4,0,590
Jay,,,144,161,7,0,0,0,0,0,3,0,315
Jericho,,,"2,656",836,40,17,12,10,1,30,46,0,"3,648"
Johnson,,,915,610,26,13,9,5,3,8,13,0,"1,602"
Killington,,,510,254,16,4,1,4,0,8,6,0,803
Kirby,,,195,119,6,2,0,1,0,4,3,0,330
Landgrove,,,94,15,2,1,0,2,0,0,3,0,117
Leicester,,,319,266,10,3,3,2,0,6,4,1,614
Lemington,,,25,25,0,0,0,0,0,0,1,0,51
Lincoln,,,678,241,16,3,6,3,0,11,14,0,972
Londonderry,,,726,380,13,6,6,4,1,4,6,3,"1,149"
Lowell,,,170,312,13,2,2,0,1,2,9,1,512
Ludlow,,,669,480,27,11,2,4,3,8,15,0,"1,219"
Lunenburg,,,250,388,13,1,1,1,0,3,1,0,658
Lyndon,,,"1,231","1,263",63,10,9,6,4,16,22,1,"2,625"
Maidstone,,,66,75,3,0,0,0,0,0,0,0,144
Manchester,,,"1,971",755,42,10,5,12,1,28,29,0,"2,853"
Marlboro,,,496,106,8,1,4,6,0,11,2,0,634
Marshfield,,,545,353,20,4,7,15,1,16,14,1,976
Mendon,,,427,301,12,3,2,1,0,5,5,0,756
Middlebury,,,"3,388",845,53,23,19,19,5,50,28,5,"4,435"
Middlesex,,,919,278,27,6,4,5,0,19,12,1,"1,271"
"Middletown Springs",,,313,234,16,1,3,5,0,2,8,2,584
Milton,,,"3,333","2,774",104,38,24,8,1,47,71,4,"6,404"
Monkton,,,969,442,22,11,5,2,0,7,11,0,"1,469"
Montgomery,,,419,292,20,2,6,4,0,9,13,3,768
Montpelier,,,"4,359",491,42,13,45,64,9,45,13,2,"5,083"
Moretown,,,867,247,31,7,2,7,0,14,12,0,"1,187"
Morgan,,,168,232,6,1,0,0,0,4,4,0,415
Morristown,,,"2,285",876,72,15,8,13,1,21,32,3,"3,326"
"Mount Holly",,,448,407,12,6,5,3,0,4,4,0,889
"Mount Tabor",,,52,56,4,3,0,0,0,0,2,0,117
"New Haven",,,681,440,20,4,4,4,0,15,14,1,"1,183"
Newark,,,166,178,8,0,0,2,1,3,3,0,361
Newbury,,,666,520,27,10,6,5,0,6,5,1,"1,246"
Newfane,,,802,253,14,5,9,7,1,5,9,1,"1,106"
"Newport City",,,"1,037",814,32,6,5,6,2,23,4,3,"1,932"
"Newport Town",,,346,500,17,4,1,2,0,6,6,0,882
"N. Hero",,,478,253,13,3,3,2,0,3,11,0,766
Northfield,,,"1,519","1,075",53,24,10,5,3,19,40,1,"2,749"
Norton,,,39,66,1,2,0,0,0,0,1,0,109
Norwich,,,"2,234",193,15,5,5,18,0,25,4,2,"2,501"
Orange,,,245,358,13,4,0,0,1,3,12,0,636
Orwell,,,399,347,12,3,6,1,0,5,10,0,783
Panton,,,271,144,9,1,0,5,0,6,3,1,440
Pawlet,,,494,399,13,4,1,5,1,8,8,0,933
Peacham,,,375,141,4,2,1,4,0,4,12,0,543
Peru,,,213,68,9,0,1,0,0,2,1,0,294
Pittsfield,,,204,121,7,0,0,1,0,5,2,0,340
Pittsford,,,853,862,25,11,5,3,0,10,12,2,"1,783"
Plainfield,,,586,167,19,3,10,8,0,11,6,0,810
Plymouth,,,236,123,3,1,1,1,0,2,2,0,369
Pomfret,,,485,140,6,1,4,6,0,7,8,1,658
Poultney,,,821,844,21,11,4,5,1,8,14,1,"1,730"
Pownal,,,842,936,27,3,4,3,1,8,10,3,"1,837"
Proctor,,,493,416,11,7,0,5,0,10,9,1,952
Putney,,,"1,163",262,22,9,14,18,1,11,9,1,"1,510"
Randolph,,,"1,715",833,46,15,15,19,2,25,21,2,"2,693"
Reading,,,321,132,12,3,1,0,0,1,3,0,473
Readsboro,,,203,230,3,3,2,2,1,0,3,0,447
Richford,,,415,544,32,4,2,0,0,1,5,7,"1,010"
Richmond,,,"2,203",557,36,18,17,5,1,33,28,0,"2,898"
Ripton,,,312,75,8,1,2,0,1,3,8,0,410
Rochester,,,522,173,17,2,7,4,0,10,8,0,743
Rockingham,,,"1,668",779,48,13,26,7,4,21,21,0,"2,587"
Roxbury,,,278,156,4,4,3,3,0,3,5,0,456
Royalton,,,960,513,29,14,15,8,0,9,9,1,"1,558"
Rupert,,,249,144,9,4,1,2,0,10,5,0,424
"Rutland City",,,"4,264","3,133",119,30,19,18,3,56,49,14,"7,705"
"Rutland Town",,,"1,434","1,026",46,22,7,3,0,21,22,4,"2,585"
Ryegate,,,318,336,16,2,0,3,0,9,5,0,689
Salisbury,,,382,285,6,4,0,1,1,5,5,3,692
Sandgate,,,137,104,7,1,0,1,0,3,2,0,255
Searsburg,,,20,40,0,0,0,0,0,0,0,0,60
Shaftsbury,,,"1,305",852,30,10,6,4,1,11,37,2,"2,258"
Sharon,,,617,327,17,5,1,7,0,11,5,1,991
Sheffield,,,189,183,12,1,3,1,0,3,2,0,394
Shelburne,,,"4,472",915,54,29,10,20,1,53,75,6,"5,635"
Sheldon,,,416,568,28,12,2,2,0,11,10,0,"1,049"
Shoreham,,,439,264,12,4,1,4,0,2,8,0,734
Shrewsbury,,,374,311,14,4,2,3,0,11,12,0,731
"S. Burlington",,,"9,974","2,207",112,57,52,56,3,139,87,7,"12,694"
"S. Hero",,,913,384,19,4,4,6,2,13,8,0,"1,353"
Springfield,,,"2,512","1,891",81,21,14,12,2,25,28,4,"4,590"
"St. Albans City",,,"1,910","1,055",55,21,12,6,1,18,29,0,"3,107"
"St. Albans Town",,,"2,062","1,624",64,14,9,5,5,33,36,4,"3,856"
"St. George",,,304,153,5,3,4,3,0,4,6,0,482
"St. Johnsbury",,,"2,021","1,277",72,24,23,13,3,41,24,2,"3,500"
Stamford,,,229,322,4,1,0,2,0,4,2,3,567
Stannard,,,82,40,3,1,1,0,0,0,1,0,128
Starksboro,,,648,382,29,4,5,1,2,7,7,0,"1,085"
Stockbridge,,,299,150,11,0,0,3,0,2,0,0,465
Stowe,,,"2,395",579,42,19,8,8,2,16,35,1,"3,105"
Strafford,,,649,122,11,4,4,5,0,5,8,0,808
Stratton,,,107,71,6,0,1,0,0,2,1,0,188
Sudbury,,,236,152,7,0,0,2,1,5,2,0,405
Sunderland,,,404,263,9,2,1,1,0,6,12,0,698
Sutton,,,224,289,6,5,1,1,1,3,3,0,533
Swanton,,,"1,555","1,829",53,12,6,2,1,21,25,2,"3,506"
Thetford,,,"1,440",423,26,7,12,8,1,15,11,2,"1,945"
Tinmouth,,,164,183,6,6,0,0,0,0,1,0,360
Topsham,,,251,409,14,2,3,2,0,5,8,3,697
Townshend,,,535,202,22,8,7,1,0,10,4,0,789
Troy,,,358,441,21,5,2,3,0,4,4,0,838
Tunbridge,,,530,316,20,3,1,5,0,10,11,1,897
Underhill,,,"1,583",552,35,19,8,15,0,16,26,0,"2,254"
Vergennes,,,"1,057",394,24,9,8,8,1,13,16,0,"1,530"
Vernon,,,661,581,22,8,2,4,0,11,8,2,"1,299"
Vershire,,,265,153,11,2,4,7,1,2,6,0,451
Victory,,,17,33,2,0,0,0,0,1,1,0,54
Waitsfield,,,989,196,17,2,4,6,0,11,12,0,"1,237"
Walden,,,336,236,11,6,4,5,1,7,5,2,613
Wallingford,,,632,551,30,2,5,1,0,14,13,4,"1,252"
Waltham,,,213,90,4,5,5,1,0,7,2,0,327
Wardsboro,,,328,163,7,2,3,0,0,2,2,0,507
Warren,,,"1,020",150,20,7,2,7,2,7,7,0,"1,222"
Washington,,,310,290,30,3,4,4,0,6,7,0,654
Waterbury,,,"2,761",621,61,19,13,10,1,25,29,1,"3,541"
Waterford,,,417,413,16,2,1,5,1,6,8,0,869
Waterville,,,221,215,14,5,0,0,0,0,9,0,464
Weathersfield,,,990,776,26,10,3,7,1,12,16,0,"1,841"
Wells,,,308,426,11,4,1,1,0,3,2,2,758
"W. Fairlee",,,224,136,6,4,1,0,0,3,2,0,376
"W. Haven",,,76,79,1,1,0,1,0,2,3,0,163
"W. Rutland",,,488,698,22,5,3,7,0,0,5,2,"1,230"
"W. Windsor",,,649,202,13,7,0,3,0,8,6,0,888
Westfield,,,204,138,11,3,0,0,0,5,10,1,372
Westford,,,"1,003",413,21,10,8,0,2,5,10,1,"1,473"
Westminster,,,"1,249",462,33,8,11,16,0,15,5,0,"1,799"
Westmore,,,135,90,2,1,0,1,0,3,5,0,237
Weston,,,320,101,8,5,0,1,1,5,4,1,446
Weybridge,,,482,90,8,3,3,2,1,3,5,0,597
Wheelock,,,217,214,9,3,2,2,0,2,6,2,457
Whiting,,,118,104,7,2,2,0,0,3,0,0,236
Whitingham,,,395,375,12,4,4,4,0,6,6,1,807
Williamstown,,,837,"1,018",43,11,7,5,4,11,12,0,"1,948"
Williston,,,"5,029","1,644",98,32,15,16,4,54,87,0,"6,979"
Wilmington,,,774,375,17,4,0,3,0,5,5,0,"1,183"
Windham,,,184,97,6,0,0,0,0,1,0,0,288
Windsor,,,"1,190",568,35,6,9,6,3,16,18,1,"1,852"
Winhall,,,432,205,8,5,1,0,0,7,9,0,667
Winooski,,,"2,839",571,40,19,56,25,7,39,30,14,"3,640"
Wolcott,,,570,352,16,4,4,5,0,3,5,4,963
Woodbury,,,350,203,11,2,2,3,1,4,5,0,581
Woodford,,,98,110,3,2,1,2,0,2,0,0,218
Woodstock,,,"1,580",404,37,8,1,4,0,23,20,0,"2,077"
Worcester,,,451,127,17,4,1,18,1,6,3,1,629
TOTALS,,,"235,791","119,395","5,905","1,828","1,710","1,549",211,"3,033","3,195",268,"372,885"
